ReferenceID,Link of the Product,SKU,CampaignID,CampaignName,Keywords,Keywords Type,Current Bid,Adjust Bid,Max Bid,Sponsored Rank,Organic Rank,Is Top 24 Advertised,Recipient,Item Type,Path
0001,https://www.ebay.com.au/itm/187196293335,TXRTB48704,110865958013,TX704,tool bag,PHRASE,0.5,0.6,2.5,P1 - 24 / 70,No,No,anne@topex-trading.com.au,项,sites/topex12/Lists/Testhj
0002,https://www.ebay.com.au/itm/187196293335,TXRTB48704,110865958013,TX704,tool bag,EXACT,0.85,,2.5,P1 - 1 / 62,No,Yes,anne@topex-trading.com.au,项,sites/topex12/Lists/Testhj
0003,https://www.ebay.com.au/itm/187196293335,TXRTB48704,110865958013,TX704,tool tote,EXACT,0.39,0.49,2.5,No,P1 - 6 / 62,No,anne@topex-trading.com.au,项,sites/topex12/Lists/Testhj
0004,https://www.ebay.com.au/itm/187196293335,TXRTB48704,110865958013,TX704,tool bag heavy duty,EXACT,1.59,,2.5,P1 - 2 / 70,No,Yes,anne@topex-trading.com.au,项,sites/topex12/Lists/Testhj
0005,https://www.ebay.com.au/itm/187196293335,TXRTB48704,110865958013,TX704,tool bag with wheels,EXACT,0.9,,2.5,P1 - 1 / 62,No,Yes,anne@topex-trading.com.au,项,sites/topex12/Lists/Testhj
0006,https://www.ebay.com.au/itm/187031698820,TXFCK4V264,87669913013,TX264,foam cutter,EXACT,0.38,,1.77,P1 - 11 / 68,No,Yes,anne@topex-trading.com.au,项,sites/topex12/Lists/Testhj
0007,https://www.ebay.com.au/itm/187031698820,TXFCK4V264,87669913013,TX264,foam cutter,PHRASE,0.32,,1.77,P1 - 14 / 62,No,Yes,anne@topex-trading.com.au,项,sites/topex12/Lists/Testhj
0008,https://www.ebay.com.au/itm/187031698820,TXFCK4V264,87669913013,TX264,styrofoam cutter,EXACT,0.42,,1.77,P1 - 14 / 62,No,Yes,anne@topex-trading.com.au,项,sites/topex12/Lists/Testhj
0009,https://www.ebay.com.au/itm/187031698820,TXFCK4V264,87669913013,TX264,hot knife foam cutter,EXACT,0.82,0.92,1.77,No,No,No,anne@topex-trading.com.au,项,sites/topex12/Lists/Testhj
0010,https://www.ebay.com.au/itm/187031698820,TXFCK4V264,87669913013,TX264,hot wire foam cutter,EXACT,0.58,,1.77,P1 - 14 / 62,No,Yes,anne@topex-trading.com.au,项,sites/topex12/Lists/Testhj
0011,https://www.ebay.com.au/itm/187018319975,KYOFC213CM013-Brown,85517261013,KY013-Brown,outdoor furniture cover,EXACT,0.7,0.8,1.05,No,No,No,anne@topex-trading.com.au,项,sites/topex12/Lists/Testhj
0012,https://www.ebay.com.au/itm/187018319975,KYOFC213CM013-Brown,85517261013,KY013-Brown,outdoor furniture cover,PHRASE,0.6,0.7,1.05,P1 - 2 / 62,No,Yes,anne@topex-trading.com.au,项,sites/topex12/Lists/Testhj
0013,https://www.ebay.com.au/itm/187018319975,KYOFC213CM013-Brown,85517261013,KY013-Brown,waterproof outdoor furniture cover,EXACT,0.62,0.72,1.05,No,No,No,anne@topex-trading.com.au,项,sites/topex12/Lists/Testhj
0014,https://www.ebay.com.au/itm/187018319975,KYOFC213CM013-Brown,85517261013,KY013-Brown,heavy duty outdoor furniture cover,EXACT,0.31,,1.05,P1 - 1 / 68,No,Yes,anne@topex-trading.com.au,项,sites/topex12/Lists/Testhj
0015,https://www.ebay.com.au/itm/187018319975,KYOFC213CM013-Brown,85517261013,KY013-Brown,square outdoor furniture covers waterproof,EXACT,0.91,1.01,1.05,No,No,No,anne@topex-trading.com.au,项,sites/topex12/Lists/Testhj
0016,https://www.ebay.com.au/itm/187018319975,KYOFC213CM013-Brown,85517261013,KY013-Brown,outdoor furniture cover square,EXACT,0.91,,1.05,P1 - 3 / 62,No,Yes,anne@topex-trading.com.au,项,sites/topex12/Lists/Testhj
0017,https://www.ebay.com.au/itm/186952636254,SLEO12P221,77769053013,SL221,essential oils,EXACT,0.5,0.6,1.05,No,No,No,anne@topex-trading.com.au,项,sites/topex12/Lists/Testhj
0018,https://www.ebay.com.au/itm/186952636254,SLEO12P221,77769053013,SL221,essential oils,PHRASE,0.32,0.42,1.05,P2 - 16 / 62,No,Yes,anne@topex-trading.com.au,项,sites/topex12/Lists/Testhj
0019,https://www.ebay.com.au/itm/186952636254,SLEO12P221,77769053013,SL221,essential oils set,EXACT,0.81,0.91,1.05,P1 - 24 / 70,No,No,anne@topex-trading.com.au,项,sites/topex12/Lists/Testhj
0020,https://www.ebay.com.au/itm/186952636254,SLEO12P221,77769053013,SL221,diffuser oils,EXACT,0.5,0.6,1.05,No,P2 - 38 / 62,No,anne@topex-trading.com.au,项,sites/topex12/Lists/Testhj
0021,https://www.ebay.com.au/itm/186952631532,SLODEOS222,77769027013,SL222,diffuser,EXACT,0.6,0.7,1.77,P2 - 1 / 62,No,Yes,anne@topex-trading.com.au,项,sites/topex12/Lists/Testhj
0022,https://www.ebay.com.au/itm/186952631532,SLODEOS222,77769027013,SL222,diffuser,PHRASE,0.35,0.45,1.77,No,No,No,anne@topex-trading.com.au,项,sites/topex12/Lists/Testhj
0023,https://www.ebay.com.au/itm/186952631532,SLODEOS222,77769027013,SL222,oil diffuser,EXACT,0.6,0.7,1.77,No,No,No,anne@topex-trading.com.au,项,sites/topex12/Lists/Testhj
0024,https://www.ebay.com.au/itm/186952629545,SLOD02L220,77768999013,SL220,diffuser,PHRASE,0.5,0.6,1.17,No,P1 - 57 / 70,No,anne@topex-trading.com.au,项,sites/topex12/Lists/Testhj
0025,https://www.ebay.com.au/itm/186952629545,SLOD02L220,77768999013,SL220,essential oil diffuser,EXACT,0.5,0.6,1.17,P1 - 24 / 70,No,No,anne@topex-trading.com.au,项,sites/topex12/Lists/Testhj
0026,https://www.ebay.com.au/itm/186952626613,SLAGS2P410,77768929013,SL410,salt and pepper grinders,EXACT,0.91,,0.96,P1 - 4 / 70,No,Yes,anne@topex-trading.com.au,项,sites/topex12/Lists/Testhj
0027,https://www.ebay.com.au/itm/186952626613,SLAGS2P410,77768929013,SL410,salt and pepper grinders,PHRASE,0.25,,0.96,P1 - 2 / 70,No,Yes,anne@topex-trading.com.au,项,sites/topex12/Lists/Testhj
0028,https://www.ebay.com.au/itm/186952626613,SLAGS2P410,77768929013,SL410,pepper mill,EXACT,0.91,,0.96,P1 - 3 / 70,No,Yes,anne@topex-trading.com.au,项,sites/topex12/Lists/Testhj
0029,https://www.ebay.com.au/itm/186952626613,SLAGS2P410,77768929013,SL410,electric coffee grinder,EXACT,0.5,0.6,0.96,No,No,No,anne@topex-trading.com.au,项,sites/topex12/Lists/Testhj
0030,https://www.ebay.com.au/itm/186952626613,SLAGS2P410,77768929013,SL410,salt and pepper,EXACT,1.2,,0.96,P1 - 2 / 70,No,Yes,anne@topex-trading.com.au,项,sites/topex12/Lists/Testhj
0031,https://www.ebay.com.au/itm/186952626613,SLAGS2P410,77768929013,SL410,electric salt and pepper grinders,EXACT,0.84,,0.96,P1 - 3 / 70,No,Yes,anne@topex-trading.com.au,项,sites/topex12/Lists/Testhj
0032,https://www.ebay.com.au/itm/186952626613,SLAGS2P410,77768929013,SL410,salt and pepper grinders electric,EXACT,0.49,,0.96,P1 - 2 / 70,No,Yes,anne@topex-trading.com.au,项,sites/topex12/Lists/Testhj
0033,https://www.ebay.com.au/itm/186890399337,TXHDTBP703,66158949013,TX703,tool bag,PHRASE,0.5,0.6,2.5,P1 - 22 / 70,No,Yes,anne@topex-trading.com.au,项,sites/topex12/Lists/Testhj
0034,https://www.ebay.com.au/itm/186890399337,TXHDTBP703,66158949013,TX703,tool bag backpack,EXACT,0.64,,2.5,P1 - 1 / 70,No,Yes,anne@topex-trading.com.au,项,sites/topex12/Lists/Testhj
0035,https://www.ebay.com.au/itm/186890399337,TXHDTBP703,66158949013,TX703,backpack tool bag,EXACT,0.64,,2.5,P1 - 1 / 70,No,Yes,anne@topex-trading.com.au,项,sites/topex12/Lists/Testhj
0036,https://www.ebay.com.au/itm/186890399319,TXTB16H702,66158941013,TX702,tool bag,PHRASE,0.5,,1.77,P1 - 3 / 70,No,Yes,anne@topex-trading.com.au,项,sites/topex12/Lists/Testhj
0037,https://www.ebay.com.au/itm/186890399319,TXTB16H702,66158941013,TX702,tool tote,EXACT,0.54,,1.77,P1 - 1 / 62,No,Yes,anne@topex-trading.com.au,项,sites/topex12/Lists/Testhj
0038,https://www.ebay.com.au/itm/186890399319,TXTB16H702,66158941013,TX702,electrician tool bag,EXACT,0.56,0.66,1.77,No,No,No,anne@topex-trading.com.au,项,sites/topex12/Lists/Testhj
0039,https://www.ebay.com.au/itm/186890399319,TXTB16H702,66158941013,TX702,tool tote bag,EXACT,0.5,,1.77,P1 - 1 / 62,No,Yes,anne@topex-trading.com.au,项,sites/topex12/Lists/Testhj
0040,https://www.ebay.com.au/itm/186890399319,TXTB16H702,66158941013,TX702,tool bag heavy duty,EXACT,0.57,,1.77,P1 - 4 / 70,No,Yes,anne@topex-trading.com.au,项,sites/topex12/Lists/Testhj
0041,https://www.ebay.com.au/itm/186890399319,TXTB16H702,66158941013,TX702,tool bag tote,EXACT,0.64,,1.77,P1 - 1 / 62,No,Yes,anne@topex-trading.com.au,项,sites/topex12/Lists/Testhj
0042,https://www.ebay.com.au/itm/186890399319,TXTB16H702,66158941013,TX702,open top tool bag,EXACT,0.64,,1.77,P1 - 2 / 62,No,Yes,anne@topex-trading.com.au,项,sites/topex12/Lists/Testhj
0043,https://www.ebay.com.au/itm/186890399319,TXTB16H702,66158941013,TX702,tote tool bag,EXACT,0.64,,1.77,P1 - 1 / 70,No,Yes,anne@topex-trading.com.au,项,sites/topex12/Lists/Testhj
0044,https://www.ebay.com.au/itm/186890399319,TXTB16H702,66158941013,TX702,heavy duty tool bag,EXACT,0.75,,1.77,P1 - 3 / 70,No,Yes,anne@topex-trading.com.au,项,sites/topex12/Lists/Testhj
0045,https://www.ebay.com.au/itm/186890399308,TXTB24N701,66158927013,TX701,tool bag,PHRASE,0.5,,1.47,P1 - 1 / 70,No,Yes,anne@topex-trading.com.au,项,sites/topex12/Lists/Testhj
0046,https://www.ebay.com.au/itm/186890399308,TXTB24N701,66158927013,TX701,tool tote,EXACT,0.44,0.54,1.47,No,P1 - 4 / 62,No,anne@topex-trading.com.au,项,sites/topex12/Lists/Testhj
0047,https://www.ebay.com.au/itm/186890399308,TXTB24N701,66158927013,TX701,electrician tool bag,EXACT,0.59,0.69,1.47,No,No,No,anne@topex-trading.com.au,项,sites/topex12/Lists/Testhj
0048,https://www.ebay.com.au/itm/186890399308,TXTB24N701,66158927013,TX701,tool tote bag,EXACT,0.4,0.5,1.47,No,P1 - 5 / 62,No,anne@topex-trading.com.au,项,sites/topex12/Lists/Testhj
0049,https://www.ebay.com.au/itm/186890399308,TXTB24N701,66158927013,TX701,tool bag,EXACT,1.2,,1.47,P1 - 1 / 70,No,Yes,anne@topex-trading.com.au,项,sites/topex12/Lists/Testhj
0050,https://www.ebay.com.au/itm/186854942746,SLGC10P107,57575304013,SL107,glass containers with lids,EXACT,0.34,,1.65,P1 - 2 / 62,No,Yes,anne@topex-trading.com.au,项,sites/topex12/Lists/Testhj
0051,https://www.ebay.com.au/itm/186854942746,SLGC10P107,57575304013,SL107,glass food storage containers,EXACT,0.4,,1.65,P1 - 1 / 66,No,Yes,anne@topex-trading.com.au,项,sites/topex12/Lists/Testhj
0052,https://www.ebay.com.au/itm/186854942746,SLGC10P107,57575304013,SL107,glass meal prep containers,EXACT,0.33,,1.65,P1 - 3 / 66,No,Yes,anne@topex-trading.com.au,项,sites/topex12/Lists/Testhj
0053,https://www.ebay.com.au/itm/186854942746,SLGC10P107,57575304013,SL107,meal prep containers,EXACT,0.28,0.38,1.65,P1 - 22 / 68,No,Yes,anne@topex-trading.com.au,项,sites/topex12/Lists/Testhj
0054,https://www.ebay.com.au/itm/186854942746,SLGC10P107,57575304013,SL107,glass containers,EXACT,0.38,0.48,1.65,No,P1 - 14 / 66,No,anne@topex-trading.com.au,项,sites/topex12/Lists/Testhj
0055,https://www.ebay.com.au/itm/186854942746,SLGC10P107,57575304013,SL107,food containers,EXACT,1.46,,1.65,P1 - 23 / 70,No,Yes,anne@topex-trading.com.au,项,sites/topex12/Lists/Testhj
0056,https://www.ebay.com.au/itm/186854942746,SLGC10P107,57575304013,SL107,glass food containers,EXACT,0.65,,1.65,P1 - 1 / 62,No,Yes,anne@topex-trading.com.au,项,sites/topex12/Lists/Testhj
0057,https://www.ebay.com.au/itm/186850688517,SLAH25L210,56659506013,SL210,humidifier,PHRASE,0.22,,1.77,P1 - 1 / 70,No,Yes,anne@topex-trading.com.au,项,sites/topex12/Lists/Testhj
0058,https://www.ebay.com.au/itm/186850688517,SLAH25L210,56659506013,SL210,aroma diffuser,PHRASE,0.34,0.44,1.77,No,No,No,anne@topex-trading.com.au,项,sites/topex12/Lists/Testhj
0059,https://www.ebay.com.au/itm/186850688517,SLAH25L210,56659506013,SL210,essential oil diffuser,EXACT,1.54,1.64,1.77,No,No,No,anne@topex-trading.com.au,项,sites/topex12/Lists/Testhj
0060,https://www.ebay.com.au/itm/186850688517,SLAH25L210,56659506013,SL210,cool mist humidifier,EXACT,1.4,,1.77,P1 - 1 / 70,No,Yes,anne@topex-trading.com.au,项,sites/topex12/Lists/Testhj
0061,https://www.ebay.com.au/itm/186850688517,SLAH25L210,56659506013,SL210,humidifier,EXACT,1.55,1.65,1.77,No,No,No,anne@topex-trading.com.au,项,sites/topex12/Lists/Testhj
0062,https://www.ebay.com.au/itm/186850688517,SLAH25L210,56659506013,SL210,air humidifier,EXACT,1.2,1.3,1.77,No,No,No,anne@topex-trading.com.au,项,sites/topex12/Lists/Testhj
0063,https://www.ebay.com.au/itm/186850688410,SLPT11N130,56659433013,SL130,paper towel holder,PHRASE,0.59,0.69,1.17,No,No,No,anne@topex-trading.com.au,项,sites/topex12/Lists/Testhj
0064,https://www.ebay.com.au/itm/186850688410,SLPT11N130,56659433013,SL130,tear towel holder,PHRASE,0.3,0.4,1.17,No,P1 - 5 / 70,No,anne@topex-trading.com.au,项,sites/topex12/Lists/Testhj
0065,https://www.ebay.com.au/itm/186850688410,SLPT11N130,56659433013,SL130,kitchen roll holder,EXACT,0.9,,1.17,P1 - 3 / 70,No,Yes,anne@topex-trading.com.au,项,sites/topex12/Lists/Testhj
0066,https://www.ebay.com.au/itm/186850688361,SLAP10W202,56659402013,SL202,air purifier,PHRASE,0.2,,2.5,P1 - 2 / 70,No,Yes,anne@topex-trading.com.au,项,sites/topex12/Lists/Testhj
0067,https://www.ebay.com.au/itm/186850688361,SLAP10W202,56659402013,SL202,air purifier,EXACT,1.4,,2.5,P1 - 1 / 70,No,Yes,anne@topex-trading.com.au,项,sites/topex12/Lists/Testhj
0068,https://www.ebay.com.au/itm/186850688361,SLAP10W202,56659402013,SL202,air purifiers for the home,EXACT,0.31,,2.5,P1 - 3 / 70,No,Yes,anne@topex-trading.com.au,项,sites/topex12/Lists/Testhj
0069,https://www.ebay.com.au/itm/186850688361,SLAP10W202,56659402013,SL202,air purifier home,EXACT,1.8,,2.5,P1 - 2 / 68,No,Yes,anne@topex-trading.com.au,项,sites/topex12/Lists/Testhj
0070,https://www.ebay.com.au/itm/186850688361,SLAP10W202,56659402013,SL202,air purifier hepa,EXACT,1.1,,2.5,P1 - 3 / 70,No,Yes,anne@topex-trading.com.au,项,sites/topex12/Lists/Testhj
0071,https://www.ebay.com.au/itm/186850688361,SLAP10W202,56659402013,SL202,hepa air purifier,EXACT,0.32,0.42,2.5,P1 - 4 / 70,No,Yes,anne@topex-trading.com.au,项,sites/topex12/Lists/Testhj
0072,https://www.ebay.com.au/itm/186850688361,SLAP10W202,56659402013,SL202,air purifiers for the bedroom,EXACT,0.4,,2.5,P1 - 1 / 70,No,Yes,anne@topex-trading.com.au,项,sites/topex12/Lists/Testhj
0073,https://www.ebay.com.au/itm/186826151170,TX526,50273395013,TX526,reciprocating saw,PHRASE,1.83,,2.5,P1 - 2 / 70,No,Yes,anne@topex-trading.com.au,项,sites/topex12/Lists/Testhj
0074,https://www.ebay.com.au/itm/186826151170,TX526,50273395013,TX526,reciprocating saw blades metal,EXACT,0.3,,2.5,P1 - 2 / 67,No,Yes,anne@topex-trading.com.au,项,sites/topex12/Lists/Testhj
0075,https://www.ebay.com.au/itm/186826151170,TX526,50273395013,TX526,reciprocating saw,EXACT,1.6,,2.5,P1 - 2 / 70,No,Yes,anne@topex-trading.com.au,项,sites/topex12/Lists/Testhj
0076,https://www.ebay.com.au/itm/186790415920,SLJL1KW500,43444286013,SL500,commercial blender,EXACT,0.99,1.09,2.07,P1 - 23 / 70,No,Yes,anne@topex-trading.com.au,项,sites/topex12/Lists/Testhj
0077,https://www.ebay.com.au/itm/186790415920,SLJL1KW500,43444286013,SL500,smoothie blender,EXACT,0.91,,2.07,P1 - 4 / 70,No,Yes,anne@topex-trading.com.au,项,sites/topex12/Lists/Testhj
0078,https://www.ebay.com.au/itm/186790415920,SLJL1KW500,43444286013,SL500,juicer blender,EXACT,0.76,,2.07,P1 - 2 / 70,No,Yes,anne@topex-trading.com.au,项,sites/topex12/Lists/Testhj
0079,https://www.ebay.com.au/itm/186790415920,SLJL1KW500,43444286013,SL500,blender smoothie,EXACT,1,,2.07,P1 - 2 / 70,No,Yes,anne@topex-trading.com.au,项,sites/topex12/Lists/Testhj
0080,https://www.ebay.com.au/itm/186790415920,SLJL1KW500,43444286013,SL500,bullet blender,EXACT,0.3,0.4,2.07,P1 - 4 / 68,No,Yes,anne@topex-trading.com.au,项,sites/topex12/Lists/Testhj
0081,https://www.ebay.com.au/itm/186790415920,SLJL1KW500,43444286013,SL500,fruit blender,EXACT,0.48,,2.07,P1 - 3 / 70,No,Yes,anne@topex-trading.com.au,项,sites/topex12/Lists/Testhj
0082,https://www.ebay.com.au/itm/186790415920,SLJL1KW500,43444286013,SL500,electric blender,EXACT,1.3,,2.07,P1 - 3 / 70,No,Yes,anne@topex-trading.com.au,项,sites/topex12/Lists/Testhj
0083,https://www.ebay.com.au/itm/186784286110,TXTI12V010,43444222013,TX010,tyre inflator,PHRASE,0.55,,2.07,P1 - 1 / 70,No,Yes,anne@topex-trading.com.au,项,sites/topex12/Lists/Testhj
0084,https://www.ebay.com.au/itm/186784286110,TXTI12V010,43444222013,TX010,portable air compressor,EXACT,2.1,,2.07,P1 - 1 / 70,No,Yes,anne@topex-trading.com.au,项,sites/topex12/Lists/Testhj
0085,https://www.ebay.com.au/itm/186784286110,TXTI12V010,43444222013,TX010,12v air compressor,EXACT,0.98,,2.07,P1 - 15 / 70,P1 - 27 / 70,Yes,anne@topex-trading.com.au,项,sites/topex12/Lists/Testhj
0086,https://www.ebay.com.au/itm/186784286110,TXTI12V010,43444222013,TX010,air pump for car,EXACT,1.75,,2.07,P1 - 2 / 70,No,Yes,anne@topex-trading.com.au,项,sites/topex12/Lists/Testhj
0087,https://www.ebay.com.au/itm/186784286110,TXTI12V010,43444222013,TX010,air compressor 12v,EXACT,0.77,,2.07,P1 - 12 / 68,P1 - 19 / 68,Yes,anne@topex-trading.com.au,项,sites/topex12/Lists/Testhj
0088,https://www.ebay.com.au/itm/186784286110,TXTI12V010,43444222013,TX010,air compressor tyre inflator,EXACT,0.55,,2.07,P1 - 2 / 67,No,Yes,anne@topex-trading.com.au,项,sites/topex12/Lists/Testhj
0089,https://www.ebay.com.au/itm/186784286110,TXTI12V010,43444222013,TX010,portable tyre inflator,EXACT,1.75,,2.07,P1 - 1 / 70,No,Yes,anne@topex-trading.com.au,项,sites/topex12/Lists/Testhj
0090,https://www.ebay.com.au/itm/186784286110,TXTI12V010,43444222013,TX010,car tyre inflator,EXACT,0.3,,2.07,P1 - 1 / 70,No,Yes,anne@topex-trading.com.au,项,sites/topex12/Lists/Testhj
0091,https://www.ebay.com.au/itm/186784352636,TXBC10A460-10A,43444214013,TX460-10A,car battery charger,EXACT,0.35,0.45,2.5,No,No,No,anne@topex-trading.com.au,项,sites/topex12/Lists/Testhj
0092,https://www.ebay.com.au/itm/186784352636,TXBC10A460-10A,43444214013,TX460-10A,12v battery charger,EXACT,0.35,0.45,2.5,No,No,No,anne@topex-trading.com.au,项,sites/topex12/Lists/Testhj
0093,https://www.ebay.com.au/itm/186784352636,TXBC10A460-10A,43444214013,TX460-10A,lithium battery charger 12v,EXACT,0.35,0.45,2.5,No,No,No,anne@topex-trading.com.au,项,sites/topex12/Lists/Testhj
0094,https://www.ebay.com.au/itm/186784352636,TXBC10A460-10A,43444214013,TX460-10A,motorcycle battery charger,EXACT,0.35,0.45,2.5,P1 - 47 / 70,No,No,anne@topex-trading.com.au,项,sites/topex12/Lists/Testhj
0095,https://www.ebay.com.au/itm/186784352636,TXBC10A460-10A,43444214013,TX460-10A,smart battery charger,EXACT,0.35,0.45,2.5,No,No,No,anne@topex-trading.com.au,项,sites/topex12/Lists/Testhj
0096,https://www.ebay.com.au/itm/186784352636,TXBC10A460-10A,43444214013,TX460-10A,battery charger,EXACT,0.35,0.45,2.5,No,No,No,anne@topex-trading.com.au,项,sites/topex12/Lists/Testhj
0097,https://www.ebay.com.au/itm/186784439614,TXDS20V312,43444176013,TX312,cordless sander,PHRASE,0.8,0.9,2.5,P1 - 22 / 70,No,Yes,anne@topex-trading.com.au,项,sites/topex12/Lists/Testhj
0098,https://www.ebay.com.au/itm/186784439614,TXDS20V312,43444176013,TX312,cordless detail sander,PHRASE,1.13,1.23,2.5,P1 - 2 / 62,No,Yes,anne@topex-trading.com.au,项,sites/topex12/Lists/Testhj
0099,https://www.ebay.com.au/itm/186784439614,TXDS20V312,43444176013,TX312,mouse sander,EXACT,1.3,1.4,2.5,P1 - 3 / 70,No,Yes,anne@topex-trading.com.au,项,sites/topex12/Lists/Testhj
0100,https://www.ebay.com.au/itm/186784439614,TXDS20V312,43444176013,TX312,cordless sander,EXACT,1.36,1.46,2.5,P1 - 37 / 70,No,No,anne@topex-trading.com.au,项,sites/topex12/Lists/Testhj
0101,https://www.ebay.com.au/itm/186784439614,TXDS20V312,43444176013,TX312,palm sander,EXACT,0.44,0.54,2.5,P1 - 35 / 66,No,No,anne@topex-trading.com.au,项,sites/topex12/Lists/Testhj
0102,https://www.ebay.com.au/itm/186784439614,TXDS20V312,43444176013,TX312,sander,EXACT,1.2,1.3,2.5,P1 - 38 / 70,No,No,anne@topex-trading.com.au,项,sites/topex12/Lists/Testhj
0103,https://www.ebay.com.au/itm/186704238905,TXMK2PC059,23771116013,TX059,multitool pliers,PHRASE,0.3,,1.35,P1 - 2 / 70,No,Yes,anne@topex-trading.com.au,项,sites/topex12/Lists/Testhj
0104,https://www.ebay.com.au/itm/186704238905,TXMK2PC059,23771116013,TX059,folding knife,PHRASE,1.27,1.35,1.35,No,No,No,anne@topex-trading.com.au,项,sites/topex12/Lists/Testhj
0105,https://www.ebay.com.au/itm/186704238905,TXMK2PC059,23771116013,TX059,pocket knife,EXACT,1.17,1.27,1.35,No,No,No,anne@topex-trading.com.au,项,sites/topex12/Lists/Testhj
0106,https://www.ebay.com.au/itm/186704238905,TXMK2PC059,23771116013,TX059,multi tool,EXACT,0.57,0.67,1.35,P1 - 23 / 70,No,Yes,anne@topex-trading.com.au,项,sites/topex12/Lists/Testhj
0107,https://www.ebay.com.au/itm/186704227004,SLSC450301,23771086013,SL301,lumbar cushion,EXACT,0.37,,1.35,P1 - 16 / 70,No,Yes,anne@topex-trading.com.au,项,sites/topex12/Lists/Testhj
0108,https://www.ebay.com.au/itm/186704227004,SLSC450301,23771086013,SL301,lumbar support car,EXACT,0.32,0.42,1.35,No,No,No,anne@topex-trading.com.au,项,sites/topex12/Lists/Testhj
0109,https://www.ebay.com.au/itm/186704227004,SLSC450301,23771086013,SL301,car lumbar back support pillow,EXACT,0.3,,1.35,P1 - 1 / 70,No,Yes,anne@topex-trading.com.au,项,sites/topex12/Lists/Testhj
0110,https://www.ebay.com.au/itm/186704227004,SLSC450301,23771086013,SL301,car back cushion,EXACT,0.8,0.9,1.35,P1 - 3 / 70,No,Yes,anne@topex-trading.com.au,项,sites/topex12/Lists/Testhj
0111,https://www.ebay.com.au/itm/186704227004,SLSC450301,23771086013,SL301,lumbar support cushion,EXACT,0.32,0.42,1.35,No,No,No,anne@topex-trading.com.au,项,sites/topex12/Lists/Testhj
0112,https://www.ebay.com.au/itm/186704227004,SLSC450301,23771086013,SL301,lumbar support pillow,EXACT,0.68,0.78,1.35,No,No,No,anne@topex-trading.com.au,项,sites/topex12/Lists/Testhj
0113,https://www.ebay.com.au/itm/186704227004,SLSC450301,23771086013,SL301,back support cushion,EXACT,0.8,0.9,1.35,No,No,No,anne@topex-trading.com.au,项,sites/topex12/Lists/Testhj
0114,https://www.ebay.com.au/itm/186704227004,SLSC450301,23771086013,SL301,back support pillow,PHRASE,1.35,,1.35,P1 - 2 / 70,No,Yes,anne@topex-trading.com.au,项,sites/topex12/Lists/Testhj
0115,https://www.ebay.com.au/itm/186704227004,SLSC450301,23771086013,SL301,ergonomic back cushion,PHRASE,0.4,0.5,1.35,No,No,No,anne@topex-trading.com.au,项,sites/topex12/Lists/Testhj
0116,https://www.ebay.com.au/itm/186704217410,SLFC460300,23771055013,SL300,butt support pillow,EXACT,0.3,0.4,1.35,No,P1 - 5 / 68,No,anne@topex-trading.com.au,项,sites/topex12/Lists/Testhj
0117,https://www.ebay.com.au/itm/186704217410,SLFC460300,23771055013,SL300,car seat cushion,EXACT,0.69,0.79,1.35,No,No,No,anne@topex-trading.com.au,项,sites/topex12/Lists/Testhj
0118,https://www.ebay.com.au/itm/186704217410,SLFC460300,23771055013,SL300,foam seat cushion,EXACT,1.2,,1.35,P1 - 2 / 70,No,Yes,anne@topex-trading.com.au,项,sites/topex12/Lists/Testhj
0119,https://www.ebay.com.au/itm/186704217410,SLFC460300,23771055013,SL300,memory foam seat,EXACT,1.2,,1.35,P1 - 1 / 70,No,Yes,anne@topex-trading.com.au,项,sites/topex12/Lists/Testhj
0120,https://www.ebay.com.au/itm/186704217410,SLFC460300,23771055013,SL300,memory foam cushion,EXACT,1.2,,1.35,P1 - 1 / 70,No,Yes,anne@topex-trading.com.au,项,sites/topex12/Lists/Testhj
0121,https://www.ebay.com.au/itm/186704217410,SLFC460300,23771055013,SL300,memory foam seat cushion,EXACT,1.12,,1.35,P1 - 4 / 70,No,Yes,anne@topex-trading.com.au,项,sites/topex12/Lists/Testhj
0122,https://www.ebay.com.au/itm/186704217410,SLFC460300,23771055013,SL300,foam seat pad,EXACT,1.03,1.13,1.35,P1 - 1 / 70,No,Yes,anne@topex-trading.com.au,项,sites/topex12/Lists/Testhj
0123,https://www.ebay.com.au/itm/186704217410,SLFC460300,23771055013,SL300,car seat cushion memory foam,EXACT,1.05,1.15,1.35,No,No,No,anne@topex-trading.com.au,项,sites/topex12/Lists/Testhj
0124,https://www.ebay.com.au/itm/186704217410,SLFC460300,23771055013,SL300,butt pillow,EXACT,0.3,0.4,1.35,No,P1 - 6 / 70,No,anne@topex-trading.com.au,项,sites/topex12/Lists/Testhj
0125,https://www.ebay.com.au/itm/186621342953,MSSU150092,16602900013,MS092,warehouse rack,PHRASE,1.5,,1.65,P1 - 4 / 70,No,Yes,anne@topex-trading.com.au,项,sites/topex12/Lists/Testhj
0126,https://www.ebay.com.au/itm/186621342953,MSSU150092,16602900013,MS092,pallet racking,PHRASE,0.43,0.53,1.65,No,No,No,anne@topex-trading.com.au,项,sites/topex12/Lists/Testhj
0127,https://www.ebay.com.au/itm/186621342953,MSSU150092,16602900013,MS092,garage shelving,PHRASE,0.2,0.3,1.65,No,No,No,anne@topex-trading.com.au,项,sites/topex12/Lists/Testhj
0128,https://www.ebay.com.au/itm/186621342953,MSSU150092,16602900013,MS092,garage shelf,EXACT,0.93,1.03,1.65,No,P1 - 52 / 67,No,anne@topex-trading.com.au,项,sites/topex12/Lists/Testhj
0129,https://www.ebay.com.au/itm/186621342953,MSSU150092,16602900013,MS092,garage shelving,EXACT,0.2,0.3,1.65,No,No,No,anne@topex-trading.com.au,项,sites/topex12/Lists/Testhj
0130,https://www.ebay.com.au/itm/186557919534,SLPR8TR111,15888195013,SL111,hanging pot rack,EXACT,0.28,,0.87,P1 - 2 / 70,No,Yes,anne@topex-trading.com.au,项,sites/topex12/Lists/Testhj
0131,https://www.ebay.com.au/itm/186557919534,SLPR8TR111,15888195013,SL111,pot and pan organizer,EXACT,0.3,,0.87,P1 - 4 / 70,No,Yes,anne@topex-trading.com.au,项,sites/topex12/Lists/Testhj
0132,https://www.ebay.com.au/itm/186557919534,SLPR8TR111,15888195013,SL111,pan organizer,EXACT,0.3,,0.87,P1 - 2 / 68,No,Yes,anne@topex-trading.com.au,项,sites/topex12/Lists/Testhj
0133,https://www.ebay.com.au/itm/186557919534,SLPR8TR111,15888195013,SL111,pan rack,PHRASE,0.3,,0.87,P1 - 2 / 62,No,Yes,anne@topex-trading.com.au,项,sites/topex12/Lists/Testhj
0134,https://www.ebay.com.au/itm/186557919534,SLPR8TR111,15888195013,SL111,pot rack,PHRASE,0.52,,0.87,P1 - 3 / 70,No,Yes,anne@topex-trading.com.au,项,sites/topex12/Lists/Testhj
0135,https://www.ebay.com.au/itm/186557922091,SLDR2LY110,15888123013,SL110,dish drainer drying rack,EXACT,0.46,0.56,1.17,P1 - 2 / 70,No,Yes,anne@topex-trading.com.au,项,sites/topex12/Lists/Testhj
0136,https://www.ebay.com.au/itm/186557922091,SLDR2LY110,15888123013,SL110,dish rack drainer tray,EXACT,0.59,0.69,1.17,No,No,No,anne@topex-trading.com.au,项,sites/topex12/Lists/Testhj
0137,https://www.ebay.com.au/itm/186557922091,SLDR2LY110,15888123013,SL110,2 tier dish drainer,EXACT,0.4,0.5,1.17,P1 - 2 / 70,No,Yes,anne@topex-trading.com.au,项,sites/topex12/Lists/Testhj
0138,https://www.ebay.com.au/itm/186557922091,SLDR2LY110,15888123013,SL110,drying rack dishes,EXACT,0.42,0.52,1.17,P1 - 4 / 70,No,Yes,anne@topex-trading.com.au,项,sites/topex12/Lists/Testhj
0139,https://www.ebay.com.au/itm/186557922091,SLDR2LY110,15888123013,SL110,dish storage rack,EXACT,0.75,0.85,1.17,P1 - 1 / 70,No,Yes,anne@topex-trading.com.au,项,sites/topex12/Lists/Testhj
0140,https://www.ebay.com.au/itm/186557922091,SLDR2LY110,15888123013,SL110,2 tier dish drying rack,EXACT,0.3,0.4,1.17,P1 - 14 / 70,No,Yes,anne@topex-trading.com.au,项,sites/topex12/Lists/Testhj
0141,https://www.ebay.com.au/itm/186557922091,SLDR2LY110,15888123013,SL110,dish drainer with tray,EXACT,0.97,1.07,1.17,P1 - 2 / 70,No,Yes,anne@topex-trading.com.au,项,sites/topex12/Lists/Testhj
0142,https://www.ebay.com.au/itm/186441058466,MKSSBMI101,14928477013,MK101,body composition scale,EXACT,0.86,0.96,1.2,No,No,No,anne@topex-trading.com.au,项,sites/topex12/Lists/Testhj
0143,https://www.ebay.com.au/itm/186441058466,MKSSBMI101,14928477013,MK101,weight scale for body,EXACT,0.7,0.8,1.2,No,P1 - 5 / 70,No,anne@topex-trading.com.au,项,sites/topex12/Lists/Testhj
0144,https://www.ebay.com.au/itm/186441058466,MKSSBMI101,14928477013,MK101,body scale,EXACT,0.25,0.35,1.2,No,P1 - 51 / 67,No,anne@topex-trading.com.au,项,sites/topex12/Lists/Testhj
0145,https://www.ebay.com.au/itm/186441058466,MKSSBMI101,14928477013,MK101,smart scale,EXACT,0.25,,1.2,P1 - 3 / 70,No,Yes,anne@topex-trading.com.au,项,sites/topex12/Lists/Testhj
0146,https://www.ebay.com.au/itm/186441058466,MKSSBMI101,14928477013,MK101,smart scale,PHRASE,0.25,,1.2,P1 - 23 / 70,No,Yes,anne@topex-trading.com.au,项,sites/topex12/Lists/Testhj
0147,https://www.ebay.com.au/itm/186441058466,MKSSBMI101,14928477013,MK101,bluetooth scale,EXACT,1.08,,1.2,P1 - 3 / 62,No,Yes,anne@topex-trading.com.au,项,sites/topex12/Lists/Testhj
0148,https://www.ebay.com.au/itm/186441058466,MKSSBMI101,14928477013,MK101,fat scale,EXACT,1.14,,1.2,P1 - 3 / 70,No,Yes,anne@topex-trading.com.au,项,sites/topex12/Lists/Testhj
0149,https://www.ebay.com.au/itm/186441058466,MKSSBMI101,14928477013,MK101,bathroom scale,PHRASE,0.2,,1.2,P1 - 22 / 70,No,Yes,anne@topex-trading.com.au,项,sites/topex12/Lists/Testhj
0150,https://www.ebay.com.au/itm/186430533986,TXAK38P058,14893124013,TX058,allen key set,PHRASE,0.2,,1.65,P1 - 9 / 70,P1 - 7 / 70,Yes,anne@topex-trading.com.au,项,sites/topex12/Lists/Testhj
0151,https://www.ebay.com.au/itm/186430533986,TXAK38P058,14893124013,TX058,hex key,EXACT,0.25,0.35,1.65,No,P1 - 9 / 62,No,anne@topex-trading.com.au,项,sites/topex12/Lists/Testhj
0152,https://www.ebay.com.au/itm/186430533986,TXAK38P058,14893124013,TX058,allen wrench set,EXACT,0.25,,1.65,P1 - 9 / 70,P1 - 7 / 70,Yes,anne@topex-trading.com.au,项,sites/topex12/Lists/Testhj
0153,https://www.ebay.com.au/itm/186430533986,TXAK38P058,14893124013,TX058,allen key,EXACT,0.25,,1.65,P1 - 4 / 70,No,Yes,anne@topex-trading.com.au,项,sites/topex12/Lists/Testhj
0154,https://www.ebay.com.au/itm/186430533986,TXAK38P058,14893124013,TX058,allen key set,EXACT,0.86,,1.65,P1 - 3 / 70,No,Yes,anne@topex-trading.com.au,项,sites/topex12/Lists/Testhj
0155,https://www.ebay.com.au/itm/186430533986,TXAK38P058,14893124013,TX058,hex key set,EXACT,0.23,,1.65,P1 - 4 / 70,No,Yes,anne@topex-trading.com.au,项,sites/topex12/Lists/Testhj
0156,https://www.ebay.com.au/itm/186430511238,TXND16S255,14892375013,TX255,nut driver set,PHRASE,0.55,0.65,1.35,P1 - 2 / 70,No,Yes,anne@topex-trading.com.au,项,sites/topex12/Lists/Testhj
0157,https://www.ebay.com.au/itm/186430511238,TXND16S255,14892375013,TX255,magnetic nut driver set,PHRASE,0.5,0.6,1.35,P1 - 1 / 69,No,Yes,anne@topex-trading.com.au,项,sites/topex12/Lists/Testhj
0158,https://www.ebay.com.au/itm/186430511238,TXND16S255,14892375013,TX255,impact nut driver set,PHRASE,0.3,0.4,1.35,P1 - 1 / 70,No,Yes,anne@topex-trading.com.au,项,sites/topex12/Lists/Testhj
0159,https://www.ebay.com.au/itm/186430511238,TXND16S255,14892375013,TX255,magnetic socket,PHRASE,0.28,0.38,1.35,No,No,No,anne@topex-trading.com.au,项,sites/topex12/Lists/Testhj
0160,https://www.ebay.com.au/itm/186430602097,TXSA13S254,14889388013,TX254,socket set,PHRASE,0.2,0.3,1.17,No,No,No,anne@topex-trading.com.au,项,sites/topex12/Lists/Testhj
0161,https://www.ebay.com.au/itm/186430602097,TXSA13S254,14889388013,TX254,1/4 drive socket set,PHRASE,0.9,1,1.17,No,No,No,anne@topex-trading.com.au,项,sites/topex12/Lists/Testhj
0162,https://www.ebay.com.au/itm/186430602097,TXSA13S254,14889388013,TX254,socket adapter set,PHRASE,0.25,0.35,1.17,P1 - 9 / 70,No,Yes,anne@topex-trading.com.au,项,sites/topex12/Lists/Testhj
0163,https://www.ebay.com.au/itm/186430602097,TXSA13S254,14889388013,TX254,socket extension set,EXACT,0.25,0.35,1.17,P1 - 16 / 70,No,Yes,anne@topex-trading.com.au,项,sites/topex12/Lists/Testhj
0164,https://www.ebay.com.au/itm/186430602097,TXSA13S254,14889388013,TX254,socket adaptor,PHRASE,0.22,0.32,1.17,P1 - 1 / 70,No,Yes,anne@topex-trading.com.au,项,sites/topex12/Lists/Testhj
0165,https://www.ebay.com.au/itm/186430602097,TXSA13S254,14889388013,TX254,impact nut driver,PHRASE,0.7,0.8,1.17,P1 - 4 / 70,No,Yes,anne@topex-trading.com.au,项,sites/topex12/Lists/Testhj
0166,https://www.ebay.com.au/itm/186430602097,TXSA13S254,14889388013,TX254,socket set,EXACT,0.2,0.3,1.17,No,No,No,anne@topex-trading.com.au,项,sites/topex12/Lists/Testhj
0167,https://www.ebay.com.au/itm/186430602097,TXSA13S254,14889388013,TX254,drill socket adapter,EXACT,0.67,0.77,1.17,P1 - 1 / 70,No,Yes,anne@topex-trading.com.au,项,sites/topex12/Lists/Testhj
0168,https://www.ebay.com.au/itm/186400088441,TXRW12V232,14828180013,TX232,cordless ratchet wrench,PHRASE,0.2,0.3,2.5,P1 - 1 / 70,No,Yes,anne@topex-trading.com.au,项,sites/topex12/Lists/Testhj
0169,https://www.ebay.com.au/itm/186400088441,TXRW12V232,14828180013,TX232,"1/4"" cordless ratchet",EXACT,0.4,0.5,2.5,P1 - 14 / 62,No,Yes,anne@topex-trading.com.au,项,sites/topex12/Lists/Testhj
0170,https://www.ebay.com.au/itm/186400088441,TXRW12V232,14828180013,TX232,cordless ratchet,EXACT,0.6,0.7,2.5,P1 - 2 / 70,No,Yes,anne@topex-trading.com.au,项,sites/topex12/Lists/Testhj
0171,https://www.ebay.com.au/itm/186400088441,TXRW12V232,14828180013,TX232,cordless electric ratchet wrench,EXACT,0.41,0.51,2.5,P1 - 1 / 70,No,Yes,anne@topex-trading.com.au,项,sites/topex12/Lists/Testhj
0172,https://www.ebay.com.au/itm/186400088441,TXRW12V232,14828180013,TX232,cordless ratchet wrench,EXACT,0.3,0.4,2.5,P1 - 1 / 70,No,Yes,anne@topex-trading.com.au,项,sites/topex12/Lists/Testhj
0173,https://www.ebay.com.au/itm/186400077011,TXIW12V230,14828174013,TX230,impact wrench brushless,PHRASE,1.5,1.6,2.5,No,No,No,anne@topex-trading.com.au,项,sites/topex12/Lists/Testhj
0174,https://www.ebay.com.au/itm/186400077011,TXIW12V230,14828174013,TX230,cordless impact wrench,EXACT,1.5,1.6,2.5,P1 - 22 / 70,No,Yes,anne@topex-trading.com.au,项,sites/topex12/Lists/Testhj
0175,https://www.ebay.com.au/itm/186400077011,TXIW12V230,14828174013,TX230,3/8 impact wrench,EXACT,1.2,1.3,2.5,No,P1 - 4 / 70,No,anne@topex-trading.com.au,项,sites/topex12/Lists/Testhj
0176,https://www.ebay.com.au/itm/186400077011,TXIW12V230,14828174013,TX230,12 volt impact wrench,EXACT,1.25,1.35,2.5,P1 - 1 / 62,No,Yes,anne@topex-trading.com.au,项,sites/topex12/Lists/Testhj
0177,https://www.ebay.com.au/itm/186400077011,TXIW12V230,14828174013,TX230,3/8 cordless impact wrench,EXACT,1.65,1.75,2.5,No,P1 - 5 / 70,No,anne@topex-trading.com.au,项,sites/topex12/Lists/Testhj
0178,https://www.ebay.com.au/itm/186400077011,TXIW12V230,14828174013,TX230,impact wrench cordless,EXACT,1.31,,2.5,P1 - 22 / 70,No,Yes,anne@topex-trading.com.au,项,sites/topex12/Lists/Testhj
0179,https://www.ebay.com.au/itm/186400102039,TXBG120099,14828171013,TX099,bench grinder,PHRASE,0.2,,2.5,P1 - 3 / 70,No,Yes,anne@topex-trading.com.au,项,sites/topex12/Lists/Testhj
0180,https://www.ebay.com.au/itm/186400102039,TXBG120099,14828171013,TX099,bench grinder machine,PHRASE,0.3,,2.5,P1 - 1 / 62,No,Yes,anne@topex-trading.com.au,项,sites/topex12/Lists/Testhj
0181,https://www.ebay.com.au/itm/186400102039,TXBG120099,14828171013,TX099,bench grinder polisher,PHRASE,0.23,0.33,2.5,P1 - 21 / 67,No,Yes,anne@topex-trading.com.au,项,sites/topex12/Lists/Testhj
0182,https://www.ebay.com.au/itm/186400102039,TXBG120099,14828171013,TX099,bench grinder,EXACT,0.27,,2.5,P1 - 2 / 62,No,Yes,anne@topex-trading.com.au,项,sites/topex12/Lists/Testhj
0183,https://www.ebay.com.au/itm/186400102039,TXBG120099,14828171013,TX099,200mm bench grinder,EXACT,0.3,,2.5,P1 - 2 / 70,No,Yes,anne@topex-trading.com.au,项,sites/topex12/Lists/Testhj
0184,https://www.ebay.com.au/itm/186400102039,TXBG120099,14828171013,TX099,mini bench grinder,EXACT,0.3,,2.5,P1 - 4 / 62,No,Yes,anne@topex-trading.com.au,项,sites/topex12/Lists/Testhj
0185,https://www.ebay.com.au/itm/186400059405,TXES3N1098,14828167013,TX098,random orbital sander,PHRASE,1.42,1.52,2.07,No,No,No,anne@topex-trading.com.au,项,sites/topex12/Lists/Testhj
0186,https://www.ebay.com.au/itm/186400059405,TXES3N1098,14828167013,TX098,sander electric,PHRASE,1.4,,2.07,P1 - 3 / 70,No,Yes,anne@topex-trading.com.au,项,sites/topex12/Lists/Testhj
0187,https://www.ebay.com.au/itm/186400059405,TXES3N1098,14828167013,TX098,orbital sander,PHRASE,0.65,0.75,2.07,No,No,No,anne@topex-trading.com.au,项,sites/topex12/Lists/Testhj
0188,https://www.ebay.com.au/itm/186400059405,TXES3N1098,14828167013,TX098,sander,PHRASE,0.3,,2.07,P1 - 10 / 70,No,Yes,anne@topex-trading.com.au,项,sites/topex12/Lists/Testhj
0189,https://www.ebay.com.au/itm/186400059405,TXES3N1098,14828167013,TX098,sander,EXACT,0.4,0.5,2.07,No,No,No,anne@topex-trading.com.au,项,sites/topex12/Lists/Testhj
0190,https://www.ebay.com.au/itm/186400059405,TXES3N1098,14828167013,TX098,electric sander,EXACT,1,,2.07,P1 - 22 / 70,No,Yes,anne@topex-trading.com.au,项,sites/topex12/Lists/Testhj
0191,https://www.ebay.com.au/itm/186400059405,TXES3N1098,14828167013,TX098,mouse sander,EXACT,0.77,,2.07,P1 - 4 / 70,No,Yes,anne@topex-trading.com.au,项,sites/topex12/Lists/Testhj
0192,https://www.ebay.com.au/itm/186400059405,TXES3N1098,14828167013,TX098,electric detail sander,EXACT,1.7,,2.07,P1 - 22 / 70,No,Yes,anne@topex-trading.com.au,项,sites/topex12/Lists/Testhj
0193,https://www.ebay.com.au/itm/186400059405,TXES3N1098,14828167013,TX098,detail sander,EXACT,0.77,0.87,2.07,No,No,No,anne@topex-trading.com.au,项,sites/topex12/Lists/Testhj
0194,https://www.ebay.com.au/itm/185487539412,MK012MK014,14805994013,MK012MK014,hand tool sets,PHRASE,0.72,0.82,2.5,P1 - 64 / 67,No,No,anne@topex-trading.com.au,项,sites/topex12/Lists/Testhj
0195,https://www.ebay.com.au/itm/185487539412,MK012MK014,14805994013,MK012MK014,pink tool kit,PHRASE,0.3,,2.5,P1 - 2 / 70,No,Yes,anne@topex-trading.com.au,项,sites/topex12/Lists/Testhj
0196,https://www.ebay.com.au/itm/185296205249,MK001MK002,14805988013,MK001MK002,cordless screwdriver,PHRASE,0.69,0.79,2.5,No,No,No,anne@topex-trading.com.au,项,sites/topex12/Lists/Testhj
0197,https://www.ebay.com.au/itm/185296205249,MK001MK002,14805988013,MK001MK002,cordless drill pink,EXACT,0.59,,2.5,P1 - 1 / 70,No,Yes,anne@topex-trading.com.au,项,sites/topex12/Lists/Testhj
0198,https://www.ebay.com.au/itm/185296205249,MK001MK002,14805988013,MK001MK002,lady cordless drill,EXACT,1.29,1.39,2.5,P1 - 1 / 62,No,Yes,anne@topex-trading.com.au,项,sites/topex12/Lists/Testhj
0199,https://www.ebay.com.au/itm/185296205249,MK001MK002,14805988013,MK001MK002,power tools pink,EXACT,0.3,0.4,2.5,P1 - 1 / 62,No,Yes,anne@topex-trading.com.au,项,sites/topex12/Lists/Testhj
0200,https://www.ebay.com.au/itm/186366192767,TXSC450600,14762238013,TX600,upholstery cleaner,PHRASE,0.28,0.38,2.5,P1 - 2 / 69,No,Yes,anne@topex-trading.com.au,项,sites/topex12/Lists/Testhj
0201,https://www.ebay.com.au/itm/186366192767,TXSC450600,14762238013,TX600,spot cleaner,PHRASE,0.22,0.32,2.5,P1 - 2 / 70,No,Yes,will@topex-trading.com.au,项,sites/topex12/Lists/Testhj
0202,https://www.ebay.com.au/itm/186366192767,TXSC450600,14762238013,TX600,carpet cleaner,PHRASE,0.24,0.34,2.5,P1 - 4 / 70,No,Yes,will@topex-trading.com.au,项,sites/topex12/Lists/Testhj
0203,https://www.ebay.com.au/itm/186366192767,TXSC450600,14762238013,TX600,carpet spot cleaner,PHRASE,1.5,1.6,2.5,P1 - 1 / 70,No,Yes,will@topex-trading.com.au,项,sites/topex12/Lists/Testhj
0204,https://www.ebay.com.au/itm/186366192767,TXSC450600,14762238013,TX600,carpet cleaner,EXACT,1.35,1.45,2.5,P1 - 4 / 70,No,Yes,will@topex-trading.com.au,项,sites/topex12/Lists/Testhj
0205,https://www.ebay.com.au/itm/186366192767,TXSC450600,14762238013,TX600,upholstery cleaner,EXACT,1.25,1.35,2.5,P1 - 4 / 70,No,Yes,will@topex-trading.com.au,项,sites/topex12/Lists/Testhj
0206,https://www.ebay.com.au/itm/186366192767,TXSC450600,14762238013,TX600,carpet and upholstery cleaner,EXACT,0.8,0.9,2.5,P1 - 1 / 62,No,Yes,will@topex-trading.com.au,项,sites/topex12/Lists/Testhj
0207,https://www.ebay.com.au/itm/186364708135,TXMS65W390,14761187013,TX390,electric drill bit sharpener,PHRASE,0.85,0.95,1.65,P1 - 1 / 70,No,Yes,will@topex-trading.com.au,项,sites/topex12/Lists/Testhj
0208,https://www.ebay.com.au/itm/186364708135,TXMS65W390,14761187013,TX390,drill sharpener,PHRASE,0.39,0.49,1.65,No,No,No,will@topex-trading.com.au,项,sites/topex12/Lists/Testhj
0209,https://www.ebay.com.au/itm/186364708135,TXMS65W390,14761187013,TX390,multifunction sharpener,PHRASE,0.3,0.4,1.65,P1 - 1 / 70,No,Yes,will@topex-trading.com.au,项,sites/topex12/Lists/Testhj
0210,https://www.ebay.com.au/itm/186341697526,TXRT239097,14705336013,TX097,rotary tool accessory,PHRASE,0.5,0.6,1.17,P1 - 2 / 70,No,Yes,will@topex-trading.com.au,项,sites/topex12/Lists/Testhj
0211,https://www.ebay.com.au/itm/186341697526,TXRT239097,14705336013,TX097,rotary tool accessories,PHRASE,0.45,,1.17,P1 - 2 / 69,No,Yes,will@topex-trading.com.au,项,sites/topex12/Lists/Testhj
0212,https://www.ebay.com.au/itm/186334300215,TXFD125322,14691805013,TX322/TX323/TX324/TX325,flap disc,PHRASE,0.24,,1.05,P1 - 4 / 70,No,Yes,will@topex-trading.com.au,项,sites/topex12/Lists/Testhj
0213,https://www.ebay.com.au/itm/186334300215,TXFD125322,14691805013,TX322/TX323/TX324/TX325,zirconia flap disc,PHRASE,0.27,0.37,1.05,No,P1 - 8 / 70,No,will@topex-trading.com.au,项,sites/topex12/Lists/Testhj
0214,https://www.ebay.com.au/itm/186334300215,TXFD125322,14691805013,TX322/TX323/TX324/TX325,flap disc,EXACT,0.28,,1.05,P1 - 15 / 70,P1 - 18 / 70,Yes,will@topex-trading.com.au,项,sites/topex12/Lists/Testhj
0215,https://www.ebay.com.au/itm/186334300215,TXFD125322,14691805013,TX322/TX323/TX324/TX325,125mm flap disc,EXACT,0.37,,1.05,P1 - 12 / 70,P1 - 17 / 70,Yes,will@topex-trading.com.au,项,sites/topex12/Lists/Testhj
0216,https://www.ebay.com.au/itm/186334300215,TXFD125322,14691805013,TX322/TX323/TX324/TX325,flap discs 125mm,EXACT,0.53,,1.05,P1 - 14 / 70,P1 - 20 / 70,Yes,will@topex-trading.com.au,项,sites/topex12/Lists/Testhj
0217,https://www.ebay.com.au/itm/186334300215,TXFD125322,14691805013,TX322/TX323/TX324/TX325,5inch flap discs,EXACT,0.28,,1.05,P1 - 3 / 62,No,Yes,will@topex-trading.com.au,项,sites/topex12/Lists/Testhj
0218,https://www.ebay.com.au/itm/186334300215,TXFD125322,14691805013,TX322/TX323/TX324/TX325,grit flap disc,PHRASE,0.65,0.75,1.05,No,P1 - 18 / 70,No,will@topex-trading.com.au,项,sites/topex12/Lists/Testhj
0219,https://www.ebay.com.au/itm/186334247047,SLAP175200,14691796013,SL200,air purifiers for the bedroom,EXACT,0.25,,2.5,P1 - 3 / 70,No,Yes,will@topex-trading.com.au,项,sites/topex12/Lists/Testhj
0220,https://www.ebay.com.au/itm/186334247047,SLAP175200,14691796013,SL200,air purifiers for the home,EXACT,0.32,0.42,2.5,P1 - 1 / 70,No,Yes,will@topex-trading.com.au,项,sites/topex12/Lists/Testhj
0221,https://www.ebay.com.au/itm/186334247047,SLAP175200,14691796013,SL200,air purifier,EXACT,1.45,,2.5,P1 - 1 / 70,No,Yes,will@topex-trading.com.au,项,sites/topex12/Lists/Testhj
0222,https://www.ebay.com.au/itm/186334247047,SLAP175200,14691796013,SL200,air purifier home,EXACT,2.1,,2.5,P1 - 1 / 69,No,Yes,will@topex-trading.com.au,项,sites/topex12/Lists/Testhj
0223,https://www.ebay.com.au/itm/186334247047,SLAP175200,14691796013,SL200,air purifier hepa,EXACT,0.76,,2.5,P1 - 2 / 70,No,Yes,will@topex-trading.com.au,项,sites/topex12/Lists/Testhj
0224,https://www.ebay.com.au/itm/186334247047,SLAP175200,14691796013,SL200,hepa air purifier,EXACT,2.3,,2.5,P1 - 1 / 70,No,Yes,will@topex-trading.com.au,项,sites/topex12/Lists/Testhj
0225,https://www.ebay.com.au/itm/186334297375,TXSP5PC253,14691793013,TX253,spark plug socket set,PHRASE,0.5,,1.77,P1 - 2 / 68,No,Yes,will@topex-trading.com.au,项,sites/topex12/Lists/Testhj
0226,https://www.ebay.com.au/itm/186334297375,TXSP5PC253,14691793013,TX253,spark plug socket,PHRASE,0.4,,1.77,P1 - 3 / 70,No,Yes,will@topex-trading.com.au,项,sites/topex12/Lists/Testhj
0227,https://www.ebay.com.au/itm/186334297375,TXSP5PC253,14691793013,TX253,swivel spark plug socket,PHRASE,0.24,,1.77,P1 - 3 / 70,No,Yes,will@topex-trading.com.au,项,sites/topex12/Lists/Testhj
0228,https://www.ebay.com.au/itm/186334297375,TXSP5PC253,14691793013,TX253,spark plug socket,EXACT,0.8,,1.77,P1 - 2 / 66,No,Yes,will@topex-trading.com.au,项,sites/topex12/Lists/Testhj
0229,https://www.ebay.com.au/itm/186334297375,TXSP5PC253,14691793013,TX253,spark plug socket set,EXACT,0.36,,1.77,P1 - 2 / 66,No,Yes,will@topex-trading.com.au,项,sites/topex12/Lists/Testhj
0230,https://www.ebay.com.au/itm/186334297375,TXSP5PC253,14691793013,TX253,14mm spark plug socket,EXACT,0.26,0.36,1.77,P1 - 2 / 62,No,Yes,will@topex-trading.com.au,项,sites/topex12/Lists/Testhj
0231,https://www.ebay.com.au/itm/186312083773,SLFC56P101,14656450013,SL101,kitchen storage container set,PHRASE,0.51,,2.37,P1 - 2 / 70,No,Yes,will@topex-trading.com.au,项,sites/topex12/Lists/Testhj
0232,https://www.ebay.com.au/itm/186312083773,SLFC56P101,14656450013,SL101,food container,PHRASE,0.27,0.37,2.37,P1 - 22 / 70,No,Yes,will@topex-trading.com.au,项,sites/topex12/Lists/Testhj
0233,https://www.ebay.com.au/itm/186312083773,SLFC56P101,14656450013,SL101,food storage containers,EXACT,0.9,1,2.37,P1 - 2 / 69,No,Yes,will@topex-trading.com.au,项,sites/topex12/Lists/Testhj
0234,https://www.ebay.com.au/itm/186312083773,SLFC56P101,14656450013,SL101,food container storage set,EXACT,1,,2.37,P1 - 1 / 70,No,Yes,will@topex-trading.com.au,项,sites/topex12/Lists/Testhj
0235,https://www.ebay.com.au/itm/186312083773,SLFC56P101,14656450013,SL101,food container,EXACT,1.5,1.6,2.37,P1 - 23 / 70,No,Yes,will@topex-trading.com.au,项,sites/topex12/Lists/Testhj
0236,https://www.ebay.com.au/itm/186179076771,MKSE6N1091,14339880013,MK091,lady shaver,PHRASE,0.5,,1.47,P1 - 2 / 70,No,Yes,will@topex-trading.com.au,项,sites/topex12/Lists/Testhj
0237,https://www.ebay.com.au/itm/186179076771,MKSE6N1091,14339880013,MK091,electric lady shaver,PHRASE,0.5,,1.47,P1 - 1 / 66,No,Yes,will@topex-trading.com.au,项,sites/topex12/Lists/Testhj
0238,https://www.ebay.com.au/itm/186152738952,TXSBR34417,14252085013,TX417,reciprocating saw blades,PHRASE,0.42,,1.17,P1 - 11 / 70,No,Yes,will@topex-trading.com.au,项,sites/topex12/Lists/Testhj
0239,https://www.ebay.com.au/itm/186152738952,TXSBR34417,14252085013,TX417,reciprocating saw blades metal,EXACT,0.48,,1.17,P1 - 4 / 68,No,Yes,will@topex-trading.com.au,项,sites/topex12/Lists/Testhj
0240,https://www.ebay.com.au/itm/186152738952,TXSBR34417,14252085013,TX417,reciprocating saw blades pruning,EXACT,1,,1.17,P1 - 3 / 68,No,Yes,will@topex-trading.com.au,项,sites/topex12/Lists/Testhj
0241,https://www.ebay.com.au/itm/186152738952,TXSBR34417,14252085013,TX417,reciprocating saw blades wood,EXACT,1,,1.17,P1 - 2 / 70,No,Yes,will@topex-trading.com.au,项,sites/topex12/Lists/Testhj
0242,https://www.ebay.com.au/itm/186152738952,TXSBR34417,14252085013,TX417,saw blades,EXACT,0.3,0.4,1.17,No,No,No,will@topex-trading.com.au,项,sites/topex12/Lists/Testhj
0243,https://www.ebay.com.au/itm/186152738952,TXSBR34417,14252085013,TX417,sabre saw blades,EXACT,0.89,,1.17,P1 - 1 / 70,No,Yes,will@topex-trading.com.au,项,sites/topex12/Lists/Testhj
0244,https://www.ebay.com.au/itm/186152738952,TXSBR34417,14252085013,TX417,reciprocating saw blades,EXACT,0.42,,1.17,P1 - 11 / 70,No,Yes,will@topex-trading.com.au,项,sites/topex12/Lists/Testhj
0245,https://www.ebay.com.au/itm/185272987502,TXWS285057,14239052013,TX057,electrical repair kit,PHRASE,0.67,,1.35,P1 - 1 / 62,No,Yes,will@topex-trading.com.au,项,sites/topex12/Lists/Testhj
0246,https://www.ebay.com.au/itm/185272987502,TXWS285057,14239052013,TX057,wire stripper,PHRASE,0.46,0.56,1.35,No,No,No,will@topex-trading.com.au,项,sites/topex12/Lists/Testhj
0247,https://www.ebay.com.au/itm/184929665402,TXFC906W065,14219847013,TX065,hot wire foam cutter,PHRASE,0.8,,0.87,P1 - 3 / 62,No,Yes,will@topex-trading.com.au,项,sites/topex12/Lists/Testhj
0248,https://www.ebay.com.au/itm/184929665402,TXFC906W065,14219847013,TX065,styrofoam cutter,PHRASE,0.42,,0.87,P1 - 3 / 62,No,Yes,will@topex-trading.com.au,项,sites/topex12/Lists/Testhj
0249,https://www.ebay.com.au/itm/184929665402,TXFC906W065,14219847013,TX065,foam cutter,PHRASE,0.2,,0.87,P1 - 3 / 68,No,Yes,will@topex-trading.com.au,项,sites/topex12/Lists/Testhj
0250,https://www.ebay.com.au/itm/184929665402,TXFC906W065,14219847013,TX065,foam cutter,EXACT,0.85,,0.87,P1 - 4 / 68,No,Yes,will@topex-trading.com.au,项,sites/topex12/Lists/Testhj
0251,https://www.ebay.com.au/itm/186133583556,TX516,14213729013,TX516,chainsaw,PHRASE,1.85,1.95,2.5,No,No,No,will@topex-trading.com.au,项,sites/topex12/Lists/Testhj
0252,https://www.ebay.com.au/itm/186133583556,TX516,14213729013,TX516,leaf blower,PHRASE,0.3,0.4,2.5,No,No,No,will@topex-trading.com.au,项,sites/topex12/Lists/Testhj
0253,https://www.ebay.com.au/itm/186133583556,TX516,14213729013,TX516,cordless blower,PHRASE,0.5,0.6,2.5,No,No,No,will@topex-trading.com.au,项,sites/topex12/Lists/Testhj
0254,https://www.ebay.com.au/itm/186133583556,TX516,14213729013,TX516,power tools garden,EXACT,1.82,1.92,2.5,No,P1 - 11 / 62,No,will@topex-trading.com.au,项,sites/topex12/Lists/Testhj
0255,https://www.ebay.com.au/itm/186133408447,TX515,14213395013,TX515,leaf blower,PHRASE,2,2.1,2.5,No,No,No,will@topex-trading.com.au,项,sites/topex12/Lists/Testhj
0256,https://www.ebay.com.au/itm/186133408447,TX515,14213395013,TX515,grass trimmer,PHRASE,2.4,2.5,2.5,No,No,No,will@topex-trading.com.au,项,sites/topex12/Lists/Testhj
0257,https://www.ebay.com.au/itm/186133408447,TX515,14213395013,TX515,cordless blower,PHRASE,0.4,0.5,2.5,No,No,No,will@topex-trading.com.au,项,sites/topex12/Lists/Testhj
0258,https://www.ebay.com.au/itm/186133408447,TX515,14213395013,TX515,whipper snipper,EXACT,0.32,0.42,2.5,No,No,No,will@topex-trading.com.au,项,sites/topex12/Lists/Testhj
0259,https://www.ebay.com.au/itm/186133408447,TX515,14213395013,TX515,line trimmer,EXACT,0.4,0.5,2.5,No,No,No,will@topex-trading.com.au,项,sites/topex12/Lists/Testhj
0260,https://www.ebay.com.au/itm/186097338610,TXCS4V0240,14199471013,TX240,cordless scrubber,PHRASE,0.76,0.86,1.2,No,No,No,will@topex-trading.com.au,项,sites/topex12/Lists/Testhj
0261,https://www.ebay.com.au/itm/186097338610,TXCS4V0240,14199471013,TX240,scrubber brush,PHRASE,0.73,0.83,1.2,No,No,No,will@topex-trading.com.au,项,sites/topex12/Lists/Testhj
0262,https://www.ebay.com.au/itm/185998945670,TX512,14199375013,TX512,angle grinder,PHRASE,0.3,0.4,2.5,No,No,No,will@topex-trading.com.au,项,sites/topex12/Lists/Testhj
0263,https://www.ebay.com.au/itm/185998945670,TX512,14199375013,TX512,cordless power tools,PHRASE,0.74,,2.5,P1 - 1 / 62,No,Yes,will@topex-trading.com.au,项,sites/topex12/Lists/Testhj
0264,https://www.ebay.com.au/itm/185998945670,TX512,14199375013,TX512,circular saw,PHRASE,1.4,1.5,2.5,No,No,No,will@topex-trading.com.au,项,sites/topex12/Lists/Testhj
0265,https://www.ebay.com.au/itm/186116490834,TXCV20V014,14171762013,TX014,vacuum cleaner,PHRASE,0.3,0.4,1.77,No,No,No,will@topex-trading.com.au,项,sites/topex12/Lists/Testhj
0266,https://www.ebay.com.au/itm/186116490834,TXCV20V014,14171762013,TX014,handheld vacuum cleaner,PHRASE,0.3,0.4,1.77,No,No,No,will@topex-trading.com.au,项,sites/topex12/Lists/Testhj
0267,https://www.ebay.com.au/itm/186116490834,TXCV20V014,14171762013,TX014,car vacuum cleaner,PHRASE,1.15,1.25,1.77,No,No,No,will@topex-trading.com.au,项,sites/topex12/Lists/Testhj
0268,https://www.ebay.com.au/itm/186116490834,TXCV20V014,14171762013,TX014,cordless vacuum cleaner,PHRASE,1.36,1.46,1.77,No,No,No,will@topex-trading.com.au,项,sites/topex12/Lists/Testhj
0269,https://www.ebay.com.au/itm/186071626480,TXCT12V203,14067297013,TX201_TX203,led torch,EXACT,0.35,0.45,0.87,No,No,No,will@topex-trading.com.au,项,sites/topex12/Lists/Testhj
0270,https://www.ebay.com.au/itm/186071626480,TXCT12V203,14067297013,TX201_TX203,makita 18v torch,EXACT,0.5,0.6,0.87,No,No,No,will@topex-trading.com.au,项,sites/topex12/Lists/Testhj
0271,https://www.ebay.com.au/itm/186071626480,TXCT12V203,14067297013,TX201_TX203,led replacement torch bulbs,EXACT,0.81,0.87,0.87,No,No,No,will@topex-trading.com.au,项,sites/topex12/Lists/Testhj
0272,https://www.ebay.com.au/itm/186029805398,TX521,13964961013,TX521,cordless inflator,PHRASE,1.5,1.6,2.5,No,No,No,will@topex-trading.com.au,项,sites/topex12/Lists/Testhj
0273,https://www.ebay.com.au/itm/186029805398,TX521,13964961013,TX521,handheld vacuum cleaner,PHRASE,1.5,1.6,2.5,No,No,No,will@topex-trading.com.au,项,sites/topex12/Lists/Testhj
0274,https://www.ebay.com.au/itm/186029805398,TX521,13964961013,TX521,vacuum cleaner,PHRASE,1,1.1,2.5,No,No,No,will@topex-trading.com.au,项,sites/topex12/Lists/Testhj
0275,https://www.ebay.com.au/itm/186029805398,TX521,13964961013,TX521,handheld vacuum cordless,PHRASE,1.6,1.7,2.5,No,No,No,will@topex-trading.com.au,项,sites/topex12/Lists/Testhj
0276,https://www.ebay.com.au/itm/186029805398,TX521,13964961013,TX521,impact wrench,PHRASE,1.5,1.6,2.5,No,No,No,will@topex-trading.com.au,项,sites/topex12/Lists/Testhj
0277,https://www.ebay.com.au/itm/186008132332,TXAG12W028,13959963013,TX028,125mm angle grinder,EXACT,0.85,0.95,1.95,P1 - 10 / 70,P2 - 58 / 62,Yes,will@topex-trading.com.au,项,sites/topex12/Lists/Testhj
0278,https://www.ebay.com.au/itm/186008132332,TXAG12W028,13959963013,TX028,125mm grinder,EXACT,0.75,0.85,1.95,P1 - 16 / 70,No,Yes,will@topex-trading.com.au,项,sites/topex12/Lists/Testhj
0279,https://www.ebay.com.au/itm/186008132332,TXAG12W028,13959963013,TX028,angle grinder,EXACT,0.65,0.75,1.95,P1 - 11 / 70,No,Yes,will@topex-trading.com.au,项,sites/topex12/Lists/Testhj
0280,https://www.ebay.com.au/itm/186008132332,TXAG12W028,13959963013,TX028,125mm corded grinder,EXACT,0.3,0.4,1.95,P2 - 2 / 62,No,Yes,will@topex-trading.com.au,项,sites/topex12/Lists/Testhj
0281,https://www.ebay.com.au/itm/185998613136,TXRH15W104,13944643013,TX104,rotary hammer drill,EXACT,0.58,,2.5,P1 - 3 / 70,No,Yes,will@topex-trading.com.au,项,sites/topex12/Lists/Testhj
0282,https://www.ebay.com.au/itm/185998613136,TXRH15W104,13944643013,TX104,hammer drill,EXACT,0.56,0.66,2.5,No,P1 - 18 / 70,No,will@topex-trading.com.au,项,sites/topex12/Lists/Testhj
0283,https://www.ebay.com.au/itm/185998613136,TXRH15W104,13944643013,TX104,sds drill,EXACT,0.78,0.88,2.5,No,P1 - 8 / 70,No,will@topex-trading.com.au,项,sites/topex12/Lists/Testhj
0284,https://www.ebay.com.au/itm/185998613136,TXRH15W104,13944643013,TX104,hammer drill sds,EXACT,0.55,0.65,2.5,No,P1 - 7 / 70,No,will@topex-trading.com.au,项,sites/topex12/Lists/Testhj
0285,https://www.ebay.com.au/itm/185998613136,TXRH15W104,13944643013,TX104,sds rotary hammer drill,EXACT,0.36,0.46,2.5,P1 - 3 / 70,No,Yes,will@topex-trading.com.au,项,sites/topex12/Lists/Testhj
0286,https://www.ebay.com.au/itm/185914312963,MKHS4N1071,13752666013,MK071,hair dryer brush,PHRASE,0.5,0.6,2.5,P1 - 34 / 67,No,No,will@topex-trading.com.au,项,sites/topex12/Lists/Testhj
0287,https://www.ebay.com.au/itm/185914312963,MKHS4N1071,13752666013,MK071,air styler,PHRASE,0.45,,2.5,P1 - 23 / 70,No,Yes,will@topex-trading.com.au,项,sites/topex12/Lists/Testhj
0288,https://www.ebay.com.au/itm/185914312963,MKHS4N1071,13752666013,MK071,hair styler,PHRASE,0.7,0.8,2.5,P1 - 31 / 62,No,No,will@topex-trading.com.au,项,sites/topex12/Lists/Testhj
0289,https://www.ebay.com.au/itm/185882082695,TXEB9PC251,13684894013,TX251,socket extension set,EXACT,0.48,,1.17,P1 - 2 / 70,No,Yes,will@topex-trading.com.au,项,sites/topex12/Lists/Testhj
0290,https://www.ebay.com.au/itm/185882082695,TXEB9PC251,13684894013,TX251,extension bar set,EXACT,0.45,,1.17,P1 - 4 / 70,No,Yes,will@topex-trading.com.au,项,sites/topex12/Lists/Testhj
0291,https://www.ebay.com.au/itm/185882082695,TXEB9PC251,13684894013,TX251,extension bar,PHRASE,0.42,,1.17,P1 - 2 / 70,No,Yes,will@topex-trading.com.au,项,sites/topex12/Lists/Testhj
0292,https://www.ebay.com.au/itm/185882082695,TXEB9PC251,13684894013,TX251,3/8 extension bar,EXACT,0.27,,1.17,P1 - 4 / 70,No,Yes,will@topex-trading.com.au,项,sites/topex12/Lists/Testhj
0293,https://www.ebay.com.au/itm/185882082695,TXEB9PC251,13684894013,TX251,1/2 extension bar,EXACT,0.35,,1.17,P1 - 2 / 70,No,Yes,will@topex-trading.com.au,项,sites/topex12/Lists/Testhj
0294,https://www.ebay.com.au/itm/185882082695,TXEB9PC251,13684894013,TX251,impact extension bar,EXACT,0.3,,1.17,P1 - 2 / 70,No,Yes,will@topex-trading.com.au,项,sites/topex12/Lists/Testhj
0295,https://www.ebay.com.au/itm/185030409613,TLWP12V101,13636741013,TL101,water pump 12v,EXACT,1,1.1,1.17,P1 - 1 / 70,No,Yes,will@topex-trading.com.au,项,sites/topex12/Lists/Testhj
0296,https://www.ebay.com.au/itm/185860247260,TPCMSML008,13623095013,TP008,cat litter pad,PHRASE,0.21,,0.75,P1 - 4 / 70,No,Yes,will@topex-trading.com.au,项,sites/topex12/Lists/Testhj
0297,https://www.ebay.com.au/itm/185860247260,TPCMSML008,13623095013,TP008,cat litter mat,PHRASE,0.4,,0.75,P1 - 4 / 68,No,Yes,will@topex-trading.com.au,项,sites/topex12/Lists/Testhj
0298,https://www.ebay.com.au/itm/185026721472,TXCB20V121,13403803013,TX121,leaf blower cordless,EXACT,1.8,,2.5,P1 - 22 / 70,No,Yes,will@topex-trading.com.au,项,sites/topex12/Lists/Testhj
0299,https://www.ebay.com.au/itm/185026721472,TXCB20V121,13403803013,TX121,battery leaf blower,EXACT,1.9,2,2.5,P1 - 22 / 70,No,Yes,will@topex-trading.com.au,项,sites/topex12/Lists/Testhj
0300,https://www.ebay.com.au/itm/185026721472,TXCB20V121,13403803013,TX121,cordless blower vacuum,EXACT,1.85,,2.5,P1 - 3 / 70,No,Yes,will@topex-trading.com.au,项,sites/topex12/Lists/Testhj
0301,https://www.ebay.com.au/itm/185650769515,MSTR64P081,13250282013,MS081,puncture repair kit,PHRASE,0.2,,1.05,P1 - 2 / 70,No,Yes,will@topex-trading.com.au,项,sites/topex12/Lists/Testhj
0302,https://www.ebay.com.au/itm/185650769515,MSTR64P081,13250282013,MS081,tyre repair kit,EXACT,0.22,,1.05,P1 - 1 / 70,No,Yes,will@topex-trading.com.au,项,sites/topex12/Lists/Testhj
0303,https://www.ebay.com.au/itm/185650769515,MSTR64P081,13250282013,MS081,puncture repair kit,EXACT,0.3,,1.05,P1 - 4 / 70,No,Yes,will@topex-trading.com.au,项,sites/topex12/Lists/Testhj
0304,https://www.ebay.com.au/itm/185650769515,MSTR64P081,13250282013,MS081,car tyre repair kit,EXACT,0.26,,1.05,P1 - 2 / 70,No,Yes,will@topex-trading.com.au,项,sites/topex12/Lists/Testhj
0305,https://www.ebay.com.au/itm/185650769515,MSTR64P081,13250282013,MS081,tyre plug kit,EXACT,0.21,,1.05,P1 - 1 / 70,No,Yes,will@topex-trading.com.au,项,sites/topex12/Lists/Testhj
0306,https://www.ebay.com.au/itm/185650769515,MSTR64P081,13250282013,MS081,tubeless tyre repair kit,EXACT,0.34,,1.05,P1 - 2 / 70,No,Yes,will@topex-trading.com.au,项,sites/topex12/Lists/Testhj
0307,https://www.ebay.com.au/itm/185018804991,TXRT200W092,13220225013,TX092,rotary tool,EXACT,0.3,0.4,2.07,No,No,No,will@topex-trading.com.au,项,sites/topex12/Lists/Testhj
0308,https://www.ebay.com.au/itm/185018804991,TXRT200W092,13220225013,TX092,rotary tool kit,EXACT,0.3,0.4,2.07,No,P2 - 58 / 62,No,will@topex-trading.com.au,项,sites/topex12/Lists/Testhj
0309,https://www.ebay.com.au/itm/185018804991,TXRT200W092,13220225013,TX092,electric rotary tool,EXACT,0.3,0.4,2.07,P2 - 3 / 62,No,Yes,will@topex-trading.com.au,项,sites/topex12/Lists/Testhj
0310,https://www.ebay.com.au/itm/185018804991,TXRT200W092,13220225013,TX092,mini rotary tool,EXACT,0.71,0.81,2.07,P1 - 3 / 70,No,Yes,will@topex-trading.com.au,项,sites/topex12/Lists/Testhj
0311,https://www.ebay.com.au/itm/185180081889,TXDP750W132,13125026013,Water PumpTX131 TX132,submersible dirty water pump,EXACT,1,1.1,2.37,P1 - 46 / 68,No,No,will@topex-trading.com.au,项,sites/topex12/Lists/Testhj
0312,https://www.ebay.com.au/itm/185180081889,TXDP750W132,13125026013,Water PumpTX131 TX132,240v submersible water pump,EXACT,1.1,1.2,2.37,P1 - 38 / 70,No,No,will@topex-trading.com.au,项,sites/topex12/Lists/Testhj
0313,https://www.ebay.com.au/itm/185556494563,MSHT1180P044,13090639013,ms044,toolbox,EXACT,1.6,1.7,2.5,No,P1 - 27 / 68,No,will@topex-trading.com.au,项,sites/topex12/Lists/Testhj
0314,https://www.ebay.com.au/itm/185556494563,MSHT1180P044,13090639013,ms044,tool set,EXACT,0.4,0.5,2.5,P1 - 2 / 70,No,Yes,will@topex-trading.com.au,项,sites/topex12/Lists/Testhj
0315,https://www.ebay.com.au/itm/185284945958,FB10X10,13007351013,Fire blanket,fire blanket,PHRASE,0.2,0.3,0.87,P1 - 2 / 68,No,Yes,will@topex-trading.com.au,项,sites/topex12/Lists/Testhj
0316,https://www.ebay.com.au/itm/185284945958,FB10X10,13007351013,Fire blanket,fire blanket,EXACT,0.42,0.52,0.87,P1 - 3 / 67,No,Yes,will@topex-trading.com.au,项,sites/topex12/Lists/Testhj
0317,https://www.ebay.com.au/itm/185432982775,FB18X12,13007351013,Fire blanket,fire blanket,PHRASE,0.7,0.8,1.17,P1 - 2 / 68,No,Yes,will@topex-trading.com.au,项,sites/topex12/Lists/Testhj
0318,https://www.ebay.com.au/itm/185431373096,FB18X12,13007351013,Fire blanket,fire blanket,PHRASE,0.2,0.3,1.17,P1 - 4 / 67,No,Yes,will@topex-trading.com.au,项,sites/topex12/Lists/Testhj
0319,https://www.ebay.com.au/itm/185431373096,FB18X18,13007351013,Fire blanket,fire blanket,EXACT,0.92,1.02,1.77,P1 - 3 / 68,No,Yes,will@topex-trading.com.au,项,sites/topex12/Lists/Testhj
0320,https://www.ebay.com.au/itm/185431324106,FB45ABE,13007347013,Fire extinguisher,fire extinguisher,PHRASE,0.2,0.3,2.37,No,P1 - 20 / 70,No,will@topex-trading.com.au,项,sites/topex12/Lists/Testhj
0321,https://www.ebay.com.au/itm/185431324106,FB45ABE,13007347013,Fire extinguisher,4.5kg fire extinguisher,PHRASE,0.3,0.4,2.37,No,P1 - 1 / 62,No,will@topex-trading.com.au,项,sites/topex12/Lists/Testhj
0322,https://www.ebay.com.au/itm/185431324106,FB45ABE,13007347013,Fire extinguisher,fire extinguisher,EXACT,1.1,1.2,2.37,No,P1 - 20 / 70,No,will@topex-trading.com.au,项,sites/topex12/Lists/Testhj
0323,https://www.ebay.com.au/itm/185432975797,FB90ABE,13007347013,Fire extinguisher,fire extinguisher,PHRASE,0.41,0.51,2.5,No,No,No,will@topex-trading.com.au,项,sites/topex12/Lists/Testhj
0324,https://www.ebay.com.au/itm/185432975797,FB90ABE,13007347013,Fire extinguisher,9kg fire extinguisher,PHRASE,0.59,0.69,2.5,No,No,No,will@topex-trading.com.au,项,sites/topex12/Lists/Testhj
0325,https://www.ebay.com.au/itm/185273082337,TXTK3PC056,13006702013,TX056,utility knife,PHRASE,0.28,0.38,1.17,No,P1 - 58 / 70,No,will@topex-trading.com.au,项,sites/topex12/Lists/Testhj
0326,https://www.ebay.com.au/itm/185273082337,TXTK3PC056,13006702013,TX056,folding utility knife,PHRASE,0.48,0.58,1.17,P1 - 4 / 70,No,Yes,will@topex-trading.com.au,项,sites/topex12/Lists/Testhj
0327,https://www.ebay.com.au/itm/185273082337,TXTK3PC056,13006702013,TX056,utility knife,EXACT,0.28,0.38,1.17,No,No,No,will@topex-trading.com.au,项,sites/topex12/Lists/Testhj
0328,https://www.ebay.com.au/itm/185273082337,TXTK3PC056,13006702013,TX056,knife blades,EXACT,0.8,0.9,1.17,P1 - 3 / 70,No,Yes,will@topex-trading.com.au,项,sites/topex12/Lists/Testhj
0329,https://www.ebay.com.au/itm/185273082337,TXTK3PC056,13006702013,TX056,utility knife blades,EXACT,0.9,1,1.17,P1 - 3 / 70,No,Yes,will@topex-trading.com.au,项,sites/topex12/Lists/Testhj
0330,https://www.ebay.com.au/itm/185273082337,TXTK3PC056,13006702013,TX056,utility,EXACT,0.36,0.46,1.17,No,No,No,will@topex-trading.com.au,项,sites/topex12/Lists/Testhj
0331,https://www.ebay.com.au/itm/185374333818,TXCTD125M022,12805894013,TX022,grinding discs,PHRASE,0.59,0.69,1.35,No,No,No,will@topex-trading.com.au,项,sites/topex12/Lists/Testhj
0332,https://www.ebay.com.au/itm/185374333818,TXCTD125M022,12805894013,TX022,cutting discs,PHRASE,0.4,0.5,1.35,No,P1 - 35 / 69,No,will@topex-trading.com.au,项,sites/topex12/Lists/Testhj
0333,https://www.ebay.com.au/itm/185290548827,TXRNG110P082,12760291013,TX082,rivet nut tool,EXACT,1.2,,2.39,P1 - 1 / 68,No,Yes,will@topex-trading.com.au,项,sites/topex12/Lists/Testhj
0334,https://www.ebay.com.au/itm/185290548827,TXRNG110P082,12760291013,TX082,rivnut kit,EXACT,1.2,1.3,2.39,P1 - 3 / 70,No,Yes,will@topex-trading.com.au,项,sites/topex12/Lists/Testhj
0335,https://www.ebay.com.au/itm/185290548827,TXRNG110P082,12760291013,TX082,nut riveter,EXACT,1.1,,2.39,P1 - 3 / 69,No,Yes,will@topex-trading.com.au,项,sites/topex12/Lists/Testhj
0336,https://www.ebay.com.au/itm/185324376993,TXEE13W095,12760239013,TX095,engraver,EXACT,0.32,0.42,1.05,No,No,No,will@topex-trading.com.au,项,sites/topex12/Lists/Testhj
0337,https://www.ebay.com.au/itm/185324376993,TXEE13W095,12760239013,TX095,etching tool,EXACT,0.6,0.7,1.05,No,No,No,will@topex-trading.com.au,项,sites/topex12/Lists/Testhj
0338,https://www.ebay.com.au/itm/185324376993,TXEE13W095,12760239013,TX095,engraving tool,EXACT,0.33,0.43,1.05,No,No,No,will@topex-trading.com.au,项,sites/topex12/Lists/Testhj
0339,https://www.ebay.com.au/itm/185324376993,TXEE13W095,12760239013,TX095,engraving pen,EXACT,0.55,0.65,1.05,No,No,No,will@topex-trading.com.au,项,sites/topex12/Lists/Testhj
0340,https://www.ebay.com.au/itm/185324376993,TXEE13W095,12760239013,TX095,plastic engraver,EXACT,0.6,0.7,1.05,No,No,No,will@topex-trading.com.au,项,sites/topex12/Lists/Testhj
0341,https://www.ebay.com.au/itm/185324376993,TXEE13W095,12760239013,TX095,metal engraver,EXACT,0.41,0.51,1.05,No,No,No,will@topex-trading.com.au,项,sites/topex12/Lists/Testhj
0342,https://www.ebay.com.au/itm/185324376993,TXEE13W095,12760239013,TX095,engraving,EXACT,0.6,0.7,1.05,No,No,No,will@topex-trading.com.au,项,sites/topex12/Lists/Testhj
0343,https://www.ebay.com.au/itm/186890399319,TXTB16H702,66158941013,TX702,large tool bag,EXACT,0.72,,1.77,P1 - 2 / 70,No,Yes,will@topex-trading.com.au,项,sites/topex12/Lists/Testhj
0344,https://www.ebay.com.au/itm/186784286110,TXTI12V010,43444222013,TX010,car air compressor,EXACT,1,,2.07,P1 - 4 / 70,No,Yes,will@topex-trading.com.au,项,sites/topex12/Lists/Testhj
0345,https://www.ebay.com.au/itm/186784286110,TXTI12V010,43444222013,TX010,cordless tyre inflator,EXACT,2.1,,2.07,P1 - 1 / 70,No,Yes,will@topex-trading.com.au,项,sites/topex12/Lists/Testhj
0346,https://www.ebay.com.au/itm/186784286110,TXTI12V010,43444222013,TX010,tyre inflator,EXACT,0.3,,2.07,P1 - 1 / 70,No,Yes,will@topex-trading.com.au,项,sites/topex12/Lists/Testhj
0347,https://www.ebay.com.au/itm/186784286110,TXTI12V010,43444222013,TX010,tire inflator,EXACT,1.75,,2.07,P1 - 1 / 70,No,Yes,will@topex-trading.com.au,项,sites/topex12/Lists/Testhj
0348,https://www.ebay.com.au/itm/186704238905,TXMK2PC059,23771116013,TX059,multitool,EXACT,0.56,0.66,1.35,P1 - 24 / 70,No,No,will@topex-trading.com.au,项,sites/topex12/Lists/Testhj
0349,https://www.ebay.com.au/itm/186704238905,TXMK2PC059,23771116013,TX059,multi-function tool set,EXACT,0.6,0.7,1.35,No,No,No,will@topex-trading.com.au,项,sites/topex12/Lists/Testhj
0350,https://www.ebay.com.au/itm/186704217410,SLFC460300,23771055013,SL300,chair cushion,EXACT,0.95,,1.35,P1 - 2 / 70,No,Yes,will@topex-trading.com.au,项,sites/topex12/Lists/Testhj
0351,https://www.ebay.com.au/itm/186704217410,SLFC460300,23771055013,SL300,tailbone cushion,EXACT,0.74,,1.35,P1 - 1 / 67,No,Yes,will@topex-trading.com.au,项,sites/topex12/Lists/Testhj
0352,https://www.ebay.com.au/itm/186704217410,SLFC460300,23771055013,SL300,seat cushion memory foam,EXACT,1.35,,1.35,P1 - 1 / 70,No,Yes,will@topex-trading.com.au,项,sites/topex12/Lists/Testhj
0353,https://www.ebay.com.au/itm/186704217410,SLFC460300,23771055013,SL300,car seat cushion back support,EXACT,1.02,,1.35,P1 - 2 / 70,No,Yes,will@topex-trading.com.au,项,sites/topex12/Lists/Testhj
0354,https://www.ebay.com.au/itm/186704217410,SLFC460300,23771055013,SL300,memory foam car seat cushion,EXACT,0.72,0.82,1.35,No,No,No,will@topex-trading.com.au,项,sites/topex12/Lists/Testhj
0355,https://www.ebay.com.au/itm/186704217410,SLFC460300,23771055013,SL300,seat cushion,EXACT,0.5,0.6,1.35,P1 - 23 / 70,No,Yes,will@topex-trading.com.au,项,sites/topex12/Lists/Testhj
0356,https://www.ebay.com.au/itm/186557922091,SLDR2LY110,15888123013,SL110,dish rack,EXACT,0.38,0.48,1.17,P1 - 21 / 69,No,Yes,will@topex-trading.com.au,项,sites/topex12/Lists/Testhj
0357,https://www.ebay.com.au/itm/186557922091,SLDR2LY110,15888123013,SL110,kitchen dish drying rack,EXACT,0.55,0.65,1.17,P1 - 2 / 69,No,Yes,will@topex-trading.com.au,项,sites/topex12/Lists/Testhj
0358,https://www.ebay.com.au/itm/186557922091,SLDR2LY110,15888123013,SL110,dish drying rack over sink,EXACT,0.75,0.85,1.17,P1 - 1 / 62,No,Yes,will@topex-trading.com.au,项,sites/topex12/Lists/Testhj
0359,https://www.ebay.com.au/itm/186557922091,SLDR2LY110,15888123013,SL110,over sink dish drying rack,EXACT,0.56,0.66,1.17,No,No,No,will@topex-trading.com.au,项,sites/topex12/Lists/Testhj
0360,https://www.ebay.com.au/itm/186441058466,MKSSBMI101,14928477013,MK101,smart digital scale,EXACT,1.2,1.2,1.2,P1 - 4 / 70,No,Yes,will@topex-trading.com.au,项,sites/topex12/Lists/Testhj
0361,https://www.ebay.com.au/itm/186441058466,MKSSBMI101,14928477013,MK101,body fat scale,EXACT,1.13,,1.2,P1 - 2 / 70,No,Yes,will@topex-trading.com.au,项,sites/topex12/Lists/Testhj
0362,https://www.ebay.com.au/itm/186441058466,MKSSBMI101,14928477013,MK101,bathroom scale,EXACT,1.1,,1.2,P1 - 23 / 70,No,Yes,will@topex-trading.com.au,项,sites/topex12/Lists/Testhj
0363,https://www.ebay.com.au/itm/186430602097,TXSA13S254,14889388013,TX254,impact driver socket set,EXACT,0.31,0.41,1.17,No,No,No,will@topex-trading.com.au,项,sites/topex12/Lists/Testhj
0364,https://www.ebay.com.au/itm/186430602097,TXSA13S254,14889388013,TX254,1/2 socket adaptor,EXACT,0.61,0.71,1.17,No,No,No,will@topex-trading.com.au,项,sites/topex12/Lists/Testhj
0365,https://www.ebay.com.au/itm/186430602097,TXSA13S254,14889388013,TX254,impact driver bit set,EXACT,0.25,0.35,1.17,No,No,No,will@topex-trading.com.au,项,sites/topex12/Lists/Testhj
0366,https://www.ebay.com.au/itm/186430602097,TXSA13S254,14889388013,TX254,impact socket adapter,EXACT,0.45,0.55,1.17,P1 - 11 / 70,No,Yes,will@topex-trading.com.au,项,sites/topex12/Lists/Testhj
0367,https://www.ebay.com.au/itm/186430602097,TXSA13S254,14889388013,TX254,socket adaptor,EXACT,0.65,0.75,1.17,No,No,No,will@topex-trading.com.au,项,sites/topex12/Lists/Testhj
0368,https://www.ebay.com.au/itm/186430602097,TXSA13S254,14889388013,TX254,1/4 inch socket set,EXACT,0.84,0.94,1.17,No,No,No,will@topex-trading.com.au,项,sites/topex12/Lists/Testhj
0369,https://www.ebay.com.au/itm/186430602097,TXSA13S254,14889388013,TX254,impact driver socket adapter,EXACT,0.25,0.35,1.17,No,No,No,will@topex-trading.com.au,项,sites/topex12/Lists/Testhj
0370,https://www.ebay.com.au/itm/186400077011,TXIW12V230,14828174013,TX230,electric impact wrench,EXACT,1.26,1.36,2.5,No,No,No,will@topex-trading.com.au,项,sites/topex12/Lists/Testhj
0371,https://www.ebay.com.au/itm/186400077011,TXIW12V230,14828174013,TX230,3/8 mini impact wrench battery,EXACT,1.25,1.35,2.5,No,P1 - 56 / 109,No,will@topex-trading.com.au,项,sites/topex12/Lists/Testhj
0372,https://www.ebay.com.au/itm/186400077011,TXIW12V230,14828174013,TX230,12v impact wrench,EXACT,0.86,,2.5,P1 - 2 / 62,No,Yes,will@topex-trading.com.au,项,sites/topex12/Lists/Testhj
0373,https://www.ebay.com.au/itm/186400077011,TXIW12V230,14828174013,TX230,impact wrench with socket,EXACT,1.25,,2.5,P1 - 4 / 70,No,Yes,will@topex-trading.com.au,项,sites/topex12/Lists/Testhj
0374,https://www.ebay.com.au/itm/186366192767,TXSC450600,14762238013,TX600,spot cleaner,EXACT,1.35,1.45,2.5,P1 - 4 / 70,No,Yes,will@topex-trading.com.au,项,sites/topex12/Lists/Testhj
0375,https://www.ebay.com.au/itm/185998613136,TXRH15W104,13944643013,TX104,sds plus rotary hammer drill,EXACT,0.3,,2.5,P1 - 3 / 66,No,Yes,will@topex-trading.com.au,项,sites/topex12/Lists/Testhj
0376,https://www.ebay.com.au/itm/185998613136,TXRH15W104,13944643013,TX104,hammer sds plus drill rotary,EXACT,0.29,0.39,2.5,No,P1 - 7 / 70,No,will@topex-trading.com.au,项,sites/topex12/Lists/Testhj
0377,https://www.ebay.com.au/itm/185998613136,TXRH15W104,13944643013,TX104,sds hammer chisel drill,EXACT,0.31,,2.5,P1 - 4 / 70,No,Yes,will@topex-trading.com.au,项,sites/topex12/Lists/Testhj
0378,https://www.ebay.com.au/itm/185998613136,TXRH15W104,13944643013,TX104,heavy duty hammer drill,EXACT,0.39,0.49,2.5,No,P1 - 8 / 70,No,will@topex-trading.com.au,项,sites/topex12/Lists/Testhj
0379,https://www.ebay.com.au/itm/185998613136,TXRH15W104,13944643013,TX104,heavy duty sds drill,EXACT,0.2,0.3,2.5,No,P1 - 5 / 70,No,will@topex-trading.com.au,项,sites/topex12/Lists/Testhj
0380,https://www.ebay.com.au/itm/185998613136,TXRH15W104,13944643013,TX104,electric sds hammer drill,EXACT,0.3,,2.5,P1 - 3 / 70,No,Yes,will@topex-trading.com.au,项,sites/topex12/Lists/Testhj
0381,https://www.ebay.com.au/itm/185872310541,KYLB3N1032,13652714013,KY032,leaf mulcher,EXACT,0.22,,2.5,P1 - 1 / 62,No,Yes,will@topex-trading.com.au,项,sites/topex12/Lists/Testhj
0382,https://www.ebay.com.au/itm/185872310541,KYLB3N1032,13652714013,KY032,leaf vacuum,EXACT,0.62,,2.5,P1 - 3 / 70,No,Yes,will@topex-trading.com.au,项,sites/topex12/Lists/Testhj
0383,https://www.ebay.com.au/itm/185872310541,KYLB3N1032,13652714013,KY032,blower vac,EXACT,0.25,0.35,2.5,No,P1 - 20 / 62,No,will@topex-trading.com.au,项,sites/topex12/Lists/Testhj
0384,https://www.ebay.com.au/itm/185872310541,KYLB3N1032,13652714013,KY032,leaf blower,EXACT,2.4,2.5,2.5,P1 - 23 / 70,No,Yes,will@topex-trading.com.au,项,sites/topex12/Lists/Testhj
0385,https://www.ebay.com.au/itm/185872310541,KYLB3N1032,13652714013,KY032,blower vac cordless,EXACT,0.7,0.8,2.5,P1 - 29 / 62,No,No,will@topex-trading.com.au,项,sites/topex12/Lists/Testhj
0386,https://www.ebay.com.au/itm/185872310541,KYLB3N1032,13652714013,KY032,electric blower vac,EXACT,0.69,,2.5,P1 - 4 / 70,No,Yes,will@topex-trading.com.au,项,sites/topex12/Lists/Testhj
0387,https://www.ebay.com.au/itm/185030409613,TLWP12V101,13636741013,TL101,12volt water pump,EXACT,0.36,0.46,1.17,No,No,No,will@topex-trading.com.au,项,sites/topex12/Lists/Testhj
0388,https://www.ebay.com.au/itm/185030409613,TLWP12V101,13636741013,TL101,12 volt water pumps,EXACT,1,,1.17,P1 - 9 / 67,P1 - 16 / 67,Yes,will@topex-trading.com.au,项,sites/topex12/Lists/Testhj
0389,https://www.ebay.com.au/itm/185030409613,TLWP12V101,13636741013,TL101,12v water pump self priming,EXACT,0.58,,1.17,P1 - 9 / 70,P1 - 8 / 70,Yes,will@topex-trading.com.au,项,sites/topex12/Lists/Testhj
0390,https://www.ebay.com.au/itm/185030409613,TLWP12V101,13636741013,TL101,12v. water pump,EXACT,0.6,0.7,1.17,No,P1 - 20 / 70,No,will@topex-trading.com.au,项,sites/topex12/Lists/Testhj
0391,https://www.ebay.com.au/itm/185026721472,TXCB20V121,13403803013,TX121,mini leaf blower,EXACT,1.87,,2.5,P1 - 23 / 70,No,Yes,will@topex-trading.com.au,项,sites/topex12/Lists/Testhj
0392,https://www.ebay.com.au/itm/185725772967,MKSB700051,13376788013,MK051,hand held electric mixer,PHRASE,0.57,,1.8,P1 - 2 / 62,No,Yes,will@topex-trading.com.au,项,sites/topex12/Lists/Testhj
0393,https://www.ebay.com.au/itm/185725772967,MKSB700051,13376788013,MK051,electric mixer,PHRASE,0.61,0.71,1.8,P1 - 23 / 70,No,Yes,will@topex-trading.com.au,项,sites/topex12/Lists/Testhj
0394,https://www.ebay.com.au/itm/185725772967,MKSB700051,13376788013,MK051,stick blender,EXACT,0.75,,1.8,P1 - 2 / 62,No,Yes,will@topex-trading.com.au,项,sites/topex12/Lists/Testhj
0395,https://www.ebay.com.au/itm/185650769515,MSTR64P081,13250282013,MS081,car tyre puncture repair kit,EXACT,0.3,,1.05,P1 - 2 / 70,No,Yes,will@topex-trading.com.au,项,sites/topex12/Lists/Testhj
0396,https://www.ebay.com.au/itm/185650769515,MSTR64P081,13250282013,MS081,car puncture repair kit,EXACT,0.4,,1.05,P1 - 4 / 62,No,Yes,will@topex-trading.com.au,项,sites/topex12/Lists/Testhj
0397,https://www.ebay.com.au/itm/185650769515,MSTR64P081,13250282013,MS081,tire repair kit,EXACT,0.34,,1.05,P1 - 4 / 70,No,Yes,will@topex-trading.com.au,项,sites/topex12/Lists/Testhj
0398,https://www.ebay.com.au/itm/185650769515,MSTR64P081,13250282013,MS081,tyre puncture repair kit,EXACT,0.32,,1.05,P1 - 3 / 70,No,Yes,will@topex-trading.com.au,项,sites/topex12/Lists/Testhj
0399,https://www.ebay.com.au/itm/185030235159,KYOUC265CM014,13175137013, cover ky014 ky016,umbrella cover,EXACT,0.8,,1.17,P1 - 3 / 70,No,Yes,will@topex-trading.com.au,项,sites/topex12/Lists/Testhj
0400,https://www.ebay.com.au/itm/185030235159,KYOUC265CM014,13175137013, cover ky014 ky016,outdoor umbrella covers,EXACT,0.5,,1.17,P1 - 2 / 69,No,Yes,will@topex-trading.com.au,项,sites/topex12/Lists/Testhj
0401,https://www.ebay.com.au/itm/185180081889,TXDP750W132,13125026013,Water PumpTX131 TX132,water pump 240v,EXACT,1.8,1.9,2.37,P1 - 40 / 70,No,No,will@topex-trading.com.au,项,sites/topex12/Lists/Testhj
0402,https://www.ebay.com.au/itm/185180081889,TXDP750W132,13125026013,Water PumpTX131 TX132,submersible pump 240v,EXACT,2.1,2.2,2.37,P1 - 37 / 70,No,No,will@topex-trading.com.au,项,sites/topex12/Lists/Testhj
0403,https://www.ebay.com.au/itm/185180081889,TXDP750W132,13125026013,Water PumpTX131 TX132,submersable pump,EXACT,1,,2.37,P2 - 3 / 62,No,Yes,will@topex-trading.com.au,项,sites/topex12/Lists/Testhj
0404,https://www.ebay.com.au/itm/185180081889,TXDP750W132,13125026013,Water PumpTX131 TX132,dirty water pump,EXACT,1,,2.37,P2 - 16 / 62,No,Yes,will@topex-trading.com.au,项,sites/topex12/Lists/Testhj
0405,https://www.ebay.com.au/itm/185180081889,TXDP750W132,13125026013,Water PumpTX131 TX132,submersible pump,EXACT,0.4,,2.37,P2 - 3 / 62,No,Yes,will@topex-trading.com.au,项,sites/topex12/Lists/Testhj
0406,https://www.ebay.com.au/itm/185556494563,MSHT1180P044,13090639013,ms044,hand tool set,PHRASE,0.5,,2.5,P1 - 22 / 69,No,Yes,will@topex-trading.com.au,项,sites/topex12/Lists/Testhj
0407,https://www.ebay.com.au/itm/185556494563,MSHT1180P044,13090639013,ms044,tool box set,EXACT,0.6,,2.5,P1 - 2 / 62,No,Yes,will@topex-trading.com.au,项,sites/topex12/Lists/Testhj
0408,https://www.ebay.com.au/itm/185556494563,MSHT1180P044,13090639013,ms044,tool box,EXACT,1.42,1.52,2.5,No,P1 - 8 / 62,No,will@topex-trading.com.au,项,sites/topex12/Lists/Testhj
0409,https://www.ebay.com.au/itm/185556494563,MSHT1180P044,13090639013,ms044,tool box kit,EXACT,0.4,,2.5,P1 - 2 / 66,No,Yes,will@topex-trading.com.au,项,sites/topex12/Lists/Testhj
0410,https://www.ebay.com.au/itm/185556494563,MSHT1180P044,13090639013,ms044,tool box with tools,EXACT,0.6,,2.5,P1 - 2 / 69,No,Yes,will@topex-trading.com.au,项,sites/topex12/Lists/Testhj
0411,https://www.ebay.com.au/itm/185433273112,FB10ABEH,13007347013,Fire extinguisher,fire extinguisher,PHRASE,0.21,,1.17,P1 - 3 / 70,No,Yes,will@topex-trading.com.au,项,sites/topex12/Lists/Testhj
0412,https://www.ebay.com.au/itm/185433273112,FB10ABEH,13007347013,Fire extinguisher,small fire extinguisher,EXACT,0.3,0.4,1.17,No,P1 - 2 / 62,No,will@topex-trading.com.au,项,sites/topex12/Lists/Testhj
0413,https://www.ebay.com.au/itm/185433273112,FB10ABEH,13007347013,Fire extinguisher,fire extinguisher,EXACT,0.85,,1.17,P1 - 2 / 70,No,Yes,will@topex-trading.com.au,项,sites/topex12/Lists/Testhj
0414,https://www.ebay.com.au/itm/185433279682,FB25ABE,13007347013,Fire extinguisher,fire extinguisher,PHRASE,0.6,,2.07,P1 - 22 / 70,No,Yes,will@topex-trading.com.au,项,sites/topex12/Lists/Testhj
0415,https://www.ebay.com.au/itm/185433279682,FB25ABE,13007347013,Fire extinguisher,2.5kg fire extinguisher,EXACT,0.2,0.3,2.07,No,P1 - 3 / 61,No,will@topex-trading.com.au,项,sites/topex12/Lists/Testhj
0416,https://www.ebay.com.au/itm/185026736832,FB10ABE,13007347013,Fire extinguisher,fire extinguisher,PHRASE,0.17,,1.05,P1 - 4 / 70,No,Yes,will@topex-trading.com.au,项,sites/topex12/Lists/Testhj
0417,https://www.ebay.com.au/itm/185026736832,FB10ABE,13007347013,Fire extinguisher,car fire extinguisher,EXACT,0.3,,1.05,P1 - 3 / 66,No,Yes,will@topex-trading.com.au,项,sites/topex12/Lists/Testhj
0418,https://www.ebay.com.au/itm/185026736832,FB10ABE,13007347013,Fire extinguisher,fire extinguisher car,EXACT,0.22,,1.05,P1 - 2 / 69,No,Yes,will@topex-trading.com.au,项,sites/topex12/Lists/Testhj
0419,https://www.ebay.com.au/itm/185026736832,FB10ABE,13007347013,Fire extinguisher,fire extinguisher,EXACT,0.5,,1.05,P1 - 1 / 70,No,Yes,will@topex-trading.com.au,项,sites/topex12/Lists/Testhj
0420,https://www.ebay.com.au/itm/185374333818,TXCTD125M022,12805894013,TX022,cutting wheels,PHRASE,0.88,0.98,1.35,No,P1 - 28 / 70,No,will@topex-trading.com.au,项,sites/topex12/Lists/Testhj
0421,https://www.ebay.com.au/itm/185290548827,TXRNG110P082,12760291013,TX082,nutsert kit,EXACT,1.15,,2.39,P1 - 2 / 70,No,Yes,will@topex-trading.com.au,项,sites/topex12/Lists/Testhj
0422,https://www.ebay.com.au/itm/185290548827,TXRNG110P082,12760291013,TX082,nutsert tool,EXACT,1,,2.39,P1 - 4 / 70,No,Yes,will@topex-trading.com.au,项,sites/topex12/Lists/Testhj
0423,https://www.ebay.com.au/itm/185290548827,TXRNG110P082,12760291013,TX082,rivet nut gun,EXACT,0.5,,2.39,P1 - 1 / 68,No,Yes,will@topex-trading.com.au,项,sites/topex12/Lists/Testhj
0424,https://www.ebay.com.au/itm/185324376993,TXEE13W095,12760239013,TX095,glass engraver,EXACT,0.3,0.4,1.05,No,No,No,will@topex-trading.com.au,项,sites/topex12/Lists/Testhj
0425,https://www.ebay.com.au/itm/185324376993,TXEE13W095,12760239013,TX095,engraver tool,EXACT,0.3,0.4,1.05,No,No,No,will@topex-trading.com.au,项,sites/topex12/Lists/Testhj
0426,https://www.ebay.com.au/itm/185324376993,TXEE13W095,12760239013,TX095,electric engraver,EXACT,0.3,0.4,1.05,No,No,No,will@topex-trading.com.au,项,sites/topex12/Lists/Testhj
0427,https://www.ebay.com.au/itm/185324376993,TXEE13W095,12760239013,TX095,electric engraving pen,EXACT,0.63,0.73,1.05,No,No,No,will@topex-trading.com.au,项,sites/topex12/Lists/Testhj
0428,https://www.ebay.com.au/itm/185324376993,TXEE13W095,12760239013,TX095,engraver pen,EXACT,0.53,0.63,1.05,No,No,No,will@topex-trading.com.au,项,sites/topex12/Lists/Testhj
0429,https://www.ebay.com.au/itm/185324376993,TXEE13W095,12760239013,TX095,metal engraving tool,EXACT,0.3,0.4,1.05,No,No,No,will@topex-trading.com.au,项,sites/topex12/Lists/Testhj
0430,https://www.ebay.com.au/itm/185324376993,TXEE13W095,12760239013,TX095,metal engraving,EXACT,0.4,0.5,1.05,No,No,No,will@topex-trading.com.au,项,sites/topex12/Lists/Testhj
0431,https://www.ebay.com.au/itm/185030235159,KYOUC265CM014,13175137013, cover ky014 ky016,cantilever umbrella cover,EXACT,0.5,,1.17,P1 - 3 / 70,No,Yes,will@topex-trading.com.au,项,sites/topex12/Lists/Testhj
0432,https://www.ebay.com.au/itm/185030235159,KYOUC265CM014,13175137013, cover ky014 ky016,market umbrella cover,EXACT,0.59,,1.17,P1 - 2 / 62,No,Yes,will@topex-trading.com.au,项,sites/topex12/Lists/Testhj
0433,https://www.ebay.com.au/itm/185030235159,KYOUC265CM014,13175137013, cover ky014 ky016,pool umbrella cover,EXACT,0.5,0.6,1.17,No,No,No,will@topex-trading.com.au,项,sites/topex12/Lists/Testhj
0434,https://www.ebay.com.au/itm/185294655112,KYCC077CM016,13175137013, cover ky014 ky016,patio chair cover,EXACT,0.35,,1.05,P1 - 3 / 70,No,Yes,will@topex-trading.com.au,项,sites/topex12/Lists/Testhj
0435,https://www.ebay.com.au/itm/185294655112,KYCC077CM016,13175137013, cover ky014 ky016,waterproof outdoor furniture cover,EXACT,0.51,0.61,1.05,No,No,No,will@topex-trading.com.au,项,sites/topex12/Lists/Testhj
0436,https://www.ebay.com.au/itm/185294655112,KYCC077CM016,13175137013, cover ky014 ky016,outdoor furniture cover,EXACT,0.6,0.7,1.05,No,No,No,will@topex-trading.com.au,项,sites/topex12/Lists/Testhj
0437,https://www.ebay.com.au/itm/185556494563,MSHT1180P044,13090639013,ms044,tool set kit,EXACT,0.4,,2.5,P1 - 4 / 70,No,Yes,will@topex-trading.com.au,项,sites/topex12/Lists/Testhj
0438,https://www.ebay.com.au/itm/185556494563,MSHT1180P044,13090639013,ms044,tool set box,EXACT,0.25,0.35,2.5,P1 - 3 / 70,No,Yes,will@topex-trading.com.au,项,sites/topex12/Lists/Testhj
0439,https://www.ebay.com.au/itm/185556494563,MSHT1180P044,13090639013,ms044,tool kit,EXACT,0.75,,2.5,P1 - 1 / 70,No,Yes,will@topex-trading.com.au,项,sites/topex12/Lists/Testhj
0440,https://www.ebay.com.au/itm/185285029575,"FB10X10RED10ABE",13007347013,Fire extinguisher,fire extinguisher,PHRASE,0.18,0.28,1.47,,,,will@topex-trading.com.au,项,sites/topex12/Lists/Testhj
0441,https://www.ebay.com.au/itm/185285029575,"FB10X10RED10ABE",13007347013,Fire extinguisher,fire blanket,PHRASE,0.17,0.27,1.47,,,,will@topex-trading.com.au,项,sites/topex12/Lists/Testhj
0442,https://www.ebay.com.au/itm/185285029575,"FB10X10RED10ABE",13007347013,Fire extinguisher,car fire extinguisher,EXACT,0.34,0.44,1.47,,,,will@topex-trading.com.au,项,sites/topex12/Lists/Testhj
0443,https://www.ebay.com.au/itm/185285029575,"FB10X10RED10ABE",13007347013,Fire extinguisher,fire extinguisher car,EXACT,1.2,1.3,1.47,,,,will@topex-trading.com.au,项,sites/topex12/Lists/Testhj
0444,https://www.ebay.com.au/itm/185285029575,"FB10X10RED10ABE",13007347013,Fire extinguisher,fire blanket,EXACT,0.7,0.8,1.47,,,,will@topex-trading.com.au,项,sites/topex12/Lists/Testhj
0445,https://www.ebay.com.au/itm/185285029575,"FB10X10RED10ABE",13007347013,Fire extinguisher,fire extinguisher,EXACT,0.88,0.98,1.47,,,,will@topex-trading.com.au,项,sites/topex12/Lists/Testhj
0446,https://www.ebay.com.au/itm/185051227954,FANCP30FB10X10RED10ABE,13007347013,Fire extinguisher,fire blanket,PHRASE,0.35,0.45,2.37,,,,will@topex-trading.com.au,项,sites/topex12/Lists/Testhj
0447,https://www.ebay.com.au/itm/185051227954,FANCP30FB10X10RED10ABE,13007347013,Fire extinguisher,fire extinguisher,PHRASE,0.4,0.5,2.37,,,,will@topex-trading.com.au,项,sites/topex12/Lists/Testhj
0448,https://www.ebay.com.au/itm/185051227954,FANCP30FB10X10RED10ABE,13007347013,Fire extinguisher,first aid kit,PHRASE,0.72,0.82,2.37,,,,will@topex-trading.com.au,项,sites/topex12/Lists/Testhj
0449,https://www.ebay.com.au/itm/185026756307,RED10ABE,13007347013,Fire extinguisher,fire extinguisher,PHRASE,0.6,0.7,1.02,P1 - 2 / 70,No,Yes,will@topex-trading.com.au,项,sites/topex12/Lists/Testhj
