"Reference ID","Product URL","Product Title","Keyword","sku","Product ID","Sponsored Rank","Organic Rank","Is Top 24 Advertised"
"1","https://www.ebay.com.au/itm/187196293335","TOPEX 19 Inch Rolling Tool Bag, Multi-pocket Tool Organiser, Large Tool Tote Bag","tool bag","TXRTB48704","187196293335","P1 - 15 / 62","No","Yes"
"2","https://www.ebay.com.au/itm/187196293335","TOPEX 19 Inch Rolling Tool Bag, Multi-pocket Tool Organiser, Large Tool Tote Bag","tool bag","TXRTB48704","187196293335","P1 - 16 / 62","No","Yes"
"3","https://www.ebay.com.au/itm/187196293335","TOPEX 19 Inch Rolling Tool Bag, Multi-pocket Tool Organiser, Large Tool Tote Bag","tool tote","TXRTB48704","187196293335","P1 - 4 / 62","No","Yes"
"4","https://www.ebay.com.au/itm/187196293335","TOPEX 19 Inch Rolling Tool Bag, Multi-pocket Tool Organiser, Large Tool Tote Bag","tool bag heavy duty","TXRTB48704","187196293335","P1 - 1 / 62","No","Yes"
"5","https://www.ebay.com.au/itm/187196293335","TOPEX 19 Inch Rolling Tool Bag, Multi-pocket Tool Organiser, Large Tool Tote Bag","tool bag with wheels","TXRTB48704","187196293335","P1 - 1 / 62","No","Yes"
"6","https://www.ebay.com.au/itm/187031698820","TOPEX 4V Cordless Foam Cutter, 3-IN-1 Engraving Kit, Styrofoam Cutting Tool","foam cutter","TXFCK4V264","187031698820","P1 - 14 / 62","No","Yes"
"7","https://www.ebay.com.au/itm/187031698820","TOPEX 4V Cordless Foam Cutter, 3-IN-1 Engraving Kit, Styrofoam Cutting Tool","foam cutter","TXFCK4V264","187031698820","P1 - 14 / 62","No","Yes"
"8","https://www.ebay.com.au/itm/187031698820","TOPEX 4V Cordless Foam Cutter, 3-IN-1 Engraving Kit, Styrofoam Cutting Tool","styrofoam cutter","TXFCK4V264","187031698820","P1 - 3 / 62","No","Yes"
"9","https://www.ebay.com.au/itm/187031698820","TOPEX 4V Cordless Foam Cutter, 3-IN-1 Engraving Kit, Styrofoam Cutting Tool","hot knife foam cutter","TXFCK4V264","187031698820","P1 - 4 / 62","No","Yes"
"10","https://www.ebay.com.au/itm/187031698820","TOPEX 4V Cordless Foam Cutter, 3-IN-1 Engraving Kit, Styrofoam Cutting Tool","hot wire foam cutter","TXFCK4V264","187031698820","P1 - 14 / 62","No","Yes"
"11","https://www.ebay.com.au/itm/187018319975","No","outdoor furniture cover","KYOFC213CM013-Brown","187018319975","No","No"
"12","https://www.ebay.com.au/itm/187018319975","No","outdoor furniture cover","KYOFC213CM013-Brown","187018319975","No","No"
"13","https://www.ebay.com.au/itm/187018319975","No","waterproof outdoor furniture cover","KYOFC213CM013-Brown","187018319975","No","No"
"14","https://www.ebay.com.au/itm/187018319975","KOZYARD Outdoor Patio Furniture Cover Waterproof UV Resistance (Brown)","heavy duty outdoor furniture cover","KYOFC213CM013-Brown","187018319975","P1 - 4 / 62","No","Yes"
"15","https://www.ebay.com.au/itm/187018319975","KOZYARD Outdoor Patio Furniture Cover Waterproof UV Resistance (Brown)","square outdoor furniture covers waterproof","KYOFC213CM013-Brown","187018319975","P1 - 4 / 62","No","Yes"
"16","https://www.ebay.com.au/itm/187018319975","KOZYARD Outdoor Patio Furniture Cover Waterproof UV Resistance (Brown)","outdoor furniture cover square","KYOFC213CM013-Brown","187018319975","P1 - 4 / 62","No","Yes"
"17","https://www.ebay.com.au/itm/186952636254","No","essential oils","SLEO12P221","186952636254","No","No"
"18","https://www.ebay.com.au/itm/186952636254","No","essential oils","SLEO12P221","186952636254","No","No"
"19","https://www.ebay.com.au/itm/186952636254","Stelive 12 Pack Essential Oils Set, Natural Aroma Essential Oils (10ml)","essential oils set","SLEO12P221","186952636254","P1 - 25 / 62","No","No"
"20","https://www.ebay.com.au/itm/186952636254","No","diffuser oils","SLEO12P221","186952636254","No","No"
"21","https://www.ebay.com.au/itm/186952631532","Stelive 200ml Ultrasonic Aroma Diffuser and 12Pcs Pure Essential Oils Gift Set","diffuser","SLODEOS222","186952631532","No","P2 - 14 / 62","No"
"22","https://www.ebay.com.au/itm/186952631532","Stelive 200ml Ultrasonic Aroma Diffuser and 12Pcs Pure Essential Oils Gift Set","diffuser","SLODEOS222","186952631532","P2 - 14 / 62","No","Yes"
"23","https://www.ebay.com.au/itm/186952631532","No","oil diffuser","SLODEOS222","186952631532","No","No"
"24","https://www.ebay.com.au/itm/186952629545","Stelive 200ML Essential Oil Diffuser, Ultrasonic Aromatherapy Diffuser","diffuser","SLOD02L220","186952629545","P1 - 25 / 62","No","No"
"25","https://www.ebay.com.au/itm/186952629545","Stelive 200ML Essential Oil Diffuser, Ultrasonic Aromatherapy Diffuser","essential oil diffuser","SLOD02L220","186952629545","P1 - 13 / 62","No","Yes"
"26","https://www.ebay.com.au/itm/186952626613","Stelive 2-Piece Auto Salt and Pepper Mill Grinder Set, Electric Shaker Set","salt and pepper grinders","SLAGS2P410","186952626613","P1 - 6 / 62","No","Yes"
"27","https://www.ebay.com.au/itm/186952626613","Stelive 2-Piece Auto Salt and Pepper Mill Grinder Set, Electric Shaker Set","salt and pepper grinders","SLAGS2P410","186952626613","P1 - 6 / 62","No","Yes"
"28","https://www.ebay.com.au/itm/186952626613","Stelive 2-Piece Auto Salt and Pepper Mill Grinder Set, Electric Shaker Set","pepper mill","SLAGS2P410","186952626613","P1 - 4 / 62","No","Yes"
"29","https://www.ebay.com.au/itm/186952626613","No","electric coffee grinder","SLAGS2P410","186952626613","No","No"
"30","https://www.ebay.com.au/itm/186952626613","Stelive 2-Piece Auto Salt and Pepper Mill Grinder Set, Electric Shaker Set","salt and pepper","SLAGS2P410","186952626613","P1 - 8 / 62","No","Yes"
"31","https://www.ebay.com.au/itm/186952626613","Stelive 2-Piece Auto Salt and Pepper Mill Grinder Set, Electric Shaker Set","electric salt and pepper grinders","SLAGS2P410","186952626613","P1 - 7 / 62","No","Yes"
"32","https://www.ebay.com.au/itm/186952626613","Stelive 2-Piece Auto Salt and Pepper Mill Grinder Set, Electric Shaker Set","salt and pepper grinders electric","SLAGS2P410","186952626613","P1 - 4 / 62","No","Yes"
"33","https://www.ebay.com.au/itm/186890399337","TOPEX 18 Inch Tool Backpack, 21 Pockets Tool Bag, Durable Fabric Tool Organiser","tool bag","TXHDTBP703","186890399337","P1 - 4 / 62","No","Yes"
"34","https://www.ebay.com.au/itm/186890399337","TOPEX 18 Inch Tool Backpack, 21 Pockets Tool Bag, Durable Fabric Tool Organiser","tool bag backpack","TXHDTBP703","186890399337","P1 - 1 / 62","No","Yes"
"35","https://www.ebay.com.au/itm/186890399337","TOPEX 18 Inch Tool Backpack, 21 Pockets Tool Bag, Durable Fabric Tool Organiser","backpack tool bag","TXHDTBP703","186890399337","P1 - 1 / 62","No","Yes"
"36","https://www.ebay.com.au/itm/186890399319","TOPEX 16 Inch Tool Bag, Tool Organiser with Multi-Pockets, Large Tool Tote Bag","tool bag","TXTB16H702","186890399319","P1 - 2 / 62","No","Yes"
"37","https://www.ebay.com.au/itm/186890399319","TOPEX 16 Inch Tool Bag, Tool Organiser with Multi-Pockets, Large Tool Tote Bag","tool tote","TXTB16H702","186890399319","P1 - 1 / 62","No","Yes"
"38","https://www.ebay.com.au/itm/186890399319","TOPEX 16 Inch Tool Bag, Tool Organiser with Multi-Pockets, Large Tool Tote Bag","electrician tool bag","TXTB16H702","186890399319","P1 - 1 / 62","No","Yes"
"39","https://www.ebay.com.au/itm/186890399319","TOPEX 16 Inch Tool Bag, Tool Organiser with Multi-Pockets, Large Tool Tote Bag","tool tote bag","TXTB16H702","186890399319","P1 - 1 / 62","No","Yes"
"40","https://www.ebay.com.au/itm/186890399319","TOPEX 16 Inch Tool Bag, Tool Organiser with Multi-Pockets, Large Tool Tote Bag","tool bag heavy duty","TXTB16H702","186890399319","P1 - 2 / 62","No","Yes"
"41","https://www.ebay.com.au/itm/186890399319","TOPEX 16 Inch Tool Bag, Tool Organiser with Multi-Pockets, Large Tool Tote Bag","tool bag tote","TXTB16H702","186890399319","P1 - 1 / 62","No","Yes"
"42","https://www.ebay.com.au/itm/186890399319","TOPEX 16 Inch Tool Bag, Tool Organiser with Multi-Pockets, Large Tool Tote Bag","open top tool bag","TXTB16H702","186890399319","P1 - 2 / 62","No","Yes"
"43","https://www.ebay.com.au/itm/186890399319","TOPEX 16 Inch Tool Bag, Tool Organiser with Multi-Pockets, Large Tool Tote Bag","tote tool bag","TXTB16H702","186890399319","P1 - 1 / 62","No","Yes"
"44","https://www.ebay.com.au/itm/186890399319","TOPEX 16 Inch Tool Bag, Tool Organiser with Multi-Pockets, Large Tool Tote Bag","heavy duty tool bag","TXTB16H702","186890399319","P1 - 4 / 62","No","Yes"
"45","https://www.ebay.com.au/itm/186890399308","TOPEX 24 Inch Tool Bag, Tool Organiser with Multi-Pockets, Large Tool Tote Bag","tool bag","TXTB24N701","186890399308","P1 - 14 / 62","No","Yes"
"46","https://www.ebay.com.au/itm/186890399308","TOPEX 24 Inch Tool Bag, Tool Organiser with Multi-Pockets, Large Tool Tote Bag","tool tote","TXTB24N701","186890399308","P1 - 3 / 62","No","Yes"
"47","https://www.ebay.com.au/itm/186890399308","TOPEX 24 Inch Tool Bag, Tool Organiser with Multi-Pockets, Large Tool Tote Bag","electrician tool bag","TXTB24N701","186890399308","P1 - 14 / 62","No","Yes"
"48","https://www.ebay.com.au/itm/186890399308","TOPEX 24 Inch Tool Bag, Tool Organiser with Multi-Pockets, Large Tool Tote Bag","tool tote bag","TXTB24N701","186890399308","P1 - 3 / 62","No","Yes"
"49","https://www.ebay.com.au/itm/186890399308","TOPEX 24 Inch Tool Bag, Tool Organiser with Multi-Pockets, Large Tool Tote Bag","tool bag","TXTB24N701","186890399308","P1 - 14 / 62","No","Yes"
"50","https://www.ebay.com.au/itm/186854942746","Stelive 10 PCs Glass Food Containers, Leakproof Glass Meal Prep Containers","glass containers with lids","SLGC10P107","186854942746","P1 - 1 / 62","No","Yes"
"51","https://www.ebay.com.au/itm/186854942746","Stelive 10 PCs Glass Food Containers, Leakproof Glass Meal Prep Containers","glass food storage containers","SLGC10P107","186854942746","P1 - 4 / 62","No","Yes"
"52","https://www.ebay.com.au/itm/186854942746","Stelive 10 PCs Glass Food Containers, Leakproof Glass Meal Prep Containers","glass meal prep containers","SLGC10P107","186854942746","P1 - 1 / 62","No","Yes"
"53","https://www.ebay.com.au/itm/186854942746","Stelive 10 PCs Glass Food Containers, Leakproof Glass Meal Prep Containers","meal prep containers","SLGC10P107","186854942746","P1 - 4 / 62","No","Yes"
"54","https://www.ebay.com.au/itm/186854942746","Stelive 10 PCs Glass Food Containers, Leakproof Glass Meal Prep Containers","glass containers","SLGC10P107","186854942746","P1 - 2 / 62","No","Yes"
"55","https://www.ebay.com.au/itm/186854942746","Stelive 10 PCs Glass Food Containers, Leakproof Glass Meal Prep Containers","food containers","SLGC10P107","186854942746","P1 - 15 / 62","No","Yes"
"56","https://www.ebay.com.au/itm/186854942746","Stelive 10 PCs Glass Food Containers, Leakproof Glass Meal Prep Containers","glass food containers","SLGC10P107","186854942746","P1 - 1 / 62","No","Yes"
"57","https://www.ebay.com.au/itm/186850688517","Stelive 2.5L Humidifier, Top Fill Humidifier, Cool Mist Humidifier for Bedroom","humidifier","SLAH25L210","186850688517","P1 - 1 / 62","No","Yes"
"58","https://www.ebay.com.au/itm/186850688517","No","aroma diffuser","SLAH25L210","186850688517","No","No"
"59","https://www.ebay.com.au/itm/186850688517","Stelive 2.5L Humidifier, Top Fill Humidifier, Cool Mist Humidifier for Bedroom","essential oil diffuser","SLAH25L210","186850688517","P2 - 14 / 62","No","Yes"
"60","https://www.ebay.com.au/itm/186850688517","Stelive 2.5L Humidifier, Top Fill Humidifier, Cool Mist Humidifier for Bedroom","cool mist humidifier","SLAH25L210","186850688517","P1 - 1 / 62","No","Yes"
"61","https://www.ebay.com.au/itm/186850688517","Stelive 2.5L Humidifier, Top Fill Humidifier, Cool Mist Humidifier for Bedroom","humidifier","SLAH25L210","186850688517","P1 - 1 / 62","No","Yes"
"62","https://www.ebay.com.au/itm/186850688517","Stelive 2.5L Humidifier, Top Fill Humidifier, Cool Mist Humidifier for Bedroom","air humidifier","SLAH25L210","186850688517","P1 - 2 / 62","No","Yes"
"63","https://www.ebay.com.au/itm/186850688410","No","paper towel holder","SLPT11N130","186850688410","No","No"
"64","https://www.ebay.com.au/itm/186850688410","Stelive 11 Inch Tear Towel Holder, One-Handed Roll Holder, Paper Towel Dispenser","tear towel holder","SLPT11N130","186850688410","P1 - 5 / 62","No","Yes"
"65","https://www.ebay.com.au/itm/186850688410","Stelive 11 Inch Tear Towel Holder, One-Handed Roll Holder, Paper Towel Dispenser","kitchen roll holder","SLPT11N130","186850688410","P1 - 15 / 62","No","Yes"
"66","https://www.ebay.com.au/itm/186850688361","Stelive Compact Air Purifier 30 m2 with Aroma, H13 Filter, 3-Stage Filtration","air purifier","SLAP10W202","186850688361","P1 - 2 / 62","No","Yes"
"67","https://www.ebay.com.au/itm/186850688361","Stelive Compact Air Purifier 30 m2 with Aroma, H13 Filter, 3-Stage Filtration","air purifier","SLAP10W202","186850688361","P1 - 2 / 62","No","Yes"
"68","https://www.ebay.com.au/itm/186850688361","Stelive Compact Air Purifier 30 m2 with Aroma, H13 Filter, 3-Stage Filtration","air purifiers for the home","SLAP10W202","186850688361","P1 - 14 / 62","No","Yes"
"69","https://www.ebay.com.au/itm/186850688361","Stelive Compact Air Purifier 30 m2 with Aroma, H13 Filter, 3-Stage Filtration","air purifier home","SLAP10W202","186850688361","P1 - 4 / 62","No","Yes"
"70","https://www.ebay.com.au/itm/186850688361","Stelive Compact Air Purifier 30 m2 with Aroma, H13 Filter, 3-Stage Filtration","air purifier hepa","SLAP10W202","186850688361","P1 - 15 / 62","No","Yes"
"71","https://www.ebay.com.au/itm/186850688361","Stelive Compact Air Purifier 30 m2 with Aroma, H13 Filter, 3-Stage Filtration","hepa air purifier","SLAP10W202","186850688361","P1 - 1 / 62","No","Yes"
"72","https://www.ebay.com.au/itm/186850688361","Stelive Compact Air Purifier 30 m2 with Aroma, H13 Filter, 3-Stage Filtration","air purifiers for the bedroom","SLAP10W202","186850688361","P1 - 1 / 62","No","Yes"
"73","https://www.ebay.com.au/itm/186826151170","TOPEX 34 PCs Reciprocating Saw Blade Set, 920W Reciprocating Saw Blades","reciprocating saw","TX526","186826151170","P1 - 1 / 62","No","Yes"
"74","https://www.ebay.com.au/itm/186826151170","TOPEX 34 PCs Reciprocating Saw Blade Set, 920W Reciprocating Saw Blades","reciprocating saw blades metal","TX526","186826151170","P1 - 2 / 62","No","Yes"
"75","https://www.ebay.com.au/itm/186826151170","TOPEX 34 PCs Reciprocating Saw Blade Set, 920W Reciprocating Saw Blades","reciprocating saw","TX526","186826151170","P1 - 1 / 62","No","Yes"
"76","https://www.ebay.com.au/itm/186790415920","Stelive 1000W Smoothie Maker Portable Blender Bottle Juice Shaker Fruit Juicer","commercial blender","SLJL1KW500","186790415920","P1 - 30 / 62","No","No"
"77","https://www.ebay.com.au/itm/186790415920","Stelive 1000W Smoothie Maker Portable Blender Bottle Juice Shaker Fruit Juicer","smoothie blender","SLJL1KW500","186790415920","P1 - 3 / 62","No","Yes"
"78","https://www.ebay.com.au/itm/186790415920","Stelive 1000W Smoothie Maker Portable Blender Bottle Juice Shaker Fruit Juicer","juicer blender","SLJL1KW500","186790415920","P1 - 4 / 62","No","Yes"
"79","https://www.ebay.com.au/itm/186790415920","Stelive 1000W Smoothie Maker Portable Blender Bottle Juice Shaker Fruit Juicer","blender smoothie","SLJL1KW500","186790415920","P1 - 2 / 62","No","Yes"
"80","https://www.ebay.com.au/itm/186790415920","Stelive 1000W Smoothie Maker Portable Blender Bottle Juice Shaker Fruit Juicer","bullet blender","SLJL1KW500","186790415920","P1 - 4 / 62","No","Yes"
"81","https://www.ebay.com.au/itm/186790415920","Stelive 1000W Smoothie Maker Portable Blender Bottle Juice Shaker Fruit Juicer","fruit blender","SLJL1KW500","186790415920","P1 - 14 / 62","No","Yes"
"82","https://www.ebay.com.au/itm/186790415920","Stelive 1000W Smoothie Maker Portable Blender Bottle Juice Shaker Fruit Juicer","electric blender","SLJL1KW500","186790415920","P1 - 3 / 62","No","Yes"
"83","https://www.ebay.com.au/itm/186784286110","TOPEX 12V Car Tyre Inflator Portable Air Compressor Dual Power Cordless Air Pump","tyre inflator","TXTI12V010","186784286110","P1 - 1 / 62","No","Yes"
"84","https://www.ebay.com.au/itm/186784286110","TOPEX 12V Car Tyre Inflator Portable Air Compressor Dual Power Cordless Air Pump","portable air compressor","TXTI12V010","186784286110","P1 - 2 / 62","No","Yes"
"85","https://www.ebay.com.au/itm/186784286110","TOPEX 12V Car Tyre Inflator Portable Air Compressor Dual Power Cordless Air Pump","12v air compressor","TXTI12V010","186784286110","P1 - 4 / 62","No","Yes"
"86","https://www.ebay.com.au/itm/186784286110","TOPEX 12V Car Tyre Inflator Portable Air Compressor Dual Power Cordless Air Pump","air pump for car","TXTI12V010","186784286110","P1 - 1 / 62","No","Yes"
"87","https://www.ebay.com.au/itm/186784286110","TOPEX 12V Car Tyre Inflator Portable Air Compressor Dual Power Cordless Air Pump","air compressor 12v","TXTI12V010","186784286110","P1 - 14 / 62","No","Yes"
"88","https://www.ebay.com.au/itm/186784286110","TOPEX 12V Car Tyre Inflator Portable Air Compressor Dual Power Cordless Air Pump","air compressor tyre inflator","TXTI12V010","186784286110","P1 - 2 / 62","No","Yes"
"89","https://www.ebay.com.au/itm/186784286110","TOPEX 12V Car Tyre Inflator Portable Air Compressor Dual Power Cordless Air Pump","portable tyre inflator","TXTI12V010","186784286110","P1 - 1 / 62","No","Yes"
"90","https://www.ebay.com.au/itm/186784286110","TOPEX 12V Car Tyre Inflator Portable Air Compressor Dual Power Cordless Air Pump","car tyre inflator","TXTI12V010","186784286110","P1 - 1 / 62","No","Yes"
"91","https://www.ebay.com.au/itm/186784352636","No","car battery charger","TXBC10A460-10A","186784352636","No","No"
"92","https://www.ebay.com.au/itm/186784352636","TOPEX Smart Vehicle Battery Charger, 2A 6V/10A 12V Battery Charger Maintainer","12v battery charger","TXBC10A460-10A","186784352636","P1 - 60 / 62","No","No"
"93","https://www.ebay.com.au/itm/186784352636","No","lithium battery charger 12v","TXBC10A460-10A","186784352636","No","No"
"94","https://www.ebay.com.au/itm/186784352636","TOPEX Smart Vehicle Battery Charger, 2A 6V/10A 12V Battery Charger Maintainer","motorcycle battery charger","TXBC10A460-10A","186784352636","P1 - 29 / 62","No","No"
"95","https://www.ebay.com.au/itm/186784352636","TOPEX Smart Vehicle Battery Charger, 2A 6V/10A 12V Battery Charger Maintainer","smart battery charger","TXBC10A460-10A","186784352636","P2 - 4 / 62","No","Yes"
"96","https://www.ebay.com.au/itm/186784352636","No","battery charger","TXBC10A460-10A","186784352636","No","No"
"97","https://www.ebay.com.au/itm/186784439614","TOPEX 20V Cordless Detail Sander Triangular Palm Sander w/ Sandpaper & Dust Bag","cordless sander","TXDS20V312","186784439614","P1 - 3 / 62","No","Yes"
"98","https://www.ebay.com.au/itm/186784439614","TOPEX 20V Cordless Detail Sander Triangular Palm Sander w/ Sandpaper & Dust Bag","cordless detail sander","TXDS20V312","186784439614","P1 - 1 / 62","No","Yes"
"99","https://www.ebay.com.au/itm/186784439614","TOPEX 20V Cordless Detail Sander Triangular Palm Sander w/ Sandpaper & Dust Bag","mouse sander","TXDS20V312","186784439614","P1 - 2 / 62","No","Yes"
"100","https://www.ebay.com.au/itm/186784439614","TOPEX 20V Cordless Detail Sander Triangular Palm Sander w/ Sandpaper & Dust Bag","cordless sander","TXDS20V312","186784439614","P1 - 3 / 62","No","Yes"
"101","https://www.ebay.com.au/itm/186784439614","TOPEX 20V Cordless Detail Sander Triangular Palm Sander w/ Sandpaper & Dust Bag","palm sander","TXDS20V312","186784439614","P1 - 14 / 62","No","Yes"
"102","https://www.ebay.com.au/itm/186784439614","TOPEX 20V Cordless Detail Sander Triangular Palm Sander w/ Sandpaper & Dust Bag","sander","TXDS20V312","186784439614","P1 - 1 / 62","No","Yes"
"103","https://www.ebay.com.au/itm/186704238905","TOPEX 16-In-1 Multitool Plier Multi Tool & Folding Knife Set with Safety Locking","multitool pliers","TXMK2PC059","186704238905","P1 - 15 / 62","No","Yes"
"104","https://www.ebay.com.au/itm/186704238905","No","folding knife","TXMK2PC059","186704238905","No","No"
"105","https://www.ebay.com.au/itm/186704238905","No","pocket knife","TXMK2PC059","186704238905","No","No"
"106","https://www.ebay.com.au/itm/186704238905","TOPEX 16-In-1 Multitool Plier Multi Tool & Folding Knife Set with Safety Locking","multi tool","TXMK2PC059","186704238905","P1 - 59 / 62","No","No"
"107","https://www.ebay.com.au/itm/186704227004","Stelive Ergonomic Back Cushion Lumbar Support Cushion Memory Foam Support Pillow","lumbar cushion","SLSC450301","186704227004","P1 - 14 / 62","No","Yes"
"108","https://www.ebay.com.au/itm/186704227004","No","lumbar support car","SLSC450301","186704227004","No","No"
"109","https://www.ebay.com.au/itm/186704227004","Stelive Ergonomic Back Cushion Lumbar Support Cushion Memory Foam Support Pillow","car lumbar back support pillow","SLSC450301","186704227004","P1 - 1 / 62","No","Yes"
"110","https://www.ebay.com.au/itm/186704227004","Stelive Ergonomic Back Cushion Lumbar Support Cushion Memory Foam Support Pillow","car back cushion","SLSC450301","186704227004","P1 - 2 / 62","No","Yes"
"111","https://www.ebay.com.au/itm/186704227004","No","lumbar support cushion","SLSC450301","186704227004","No","No"
"112","https://www.ebay.com.au/itm/186704227004","No","lumbar support pillow","SLSC450301","186704227004","No","No"
"113","https://www.ebay.com.au/itm/186704227004","No","back support cushion","SLSC450301","186704227004","No","No"
"114","https://www.ebay.com.au/itm/186704227004","Stelive Ergonomic Back Cushion Lumbar Support Cushion Memory Foam Support Pillow","back support pillow","SLSC450301","186704227004","P1 - 2 / 62","No","Yes"
"115","https://www.ebay.com.au/itm/186704227004","Stelive Ergonomic Back Cushion Lumbar Support Cushion Memory Foam Support Pillow","ergonomic back cushion","SLSC450301","186704227004","P2 - 56 / 62","No","No"
"116","https://www.ebay.com.au/itm/186704217410","Stelive Memory Foam Seat Cushion Butt Support Pillow Coccyx Cushion (Blue, Grey)","butt support pillow","SLFC460300","186704217410","P1 - 5 / 69","P1 - 9 / 69","Yes"
"117","https://www.ebay.com.au/itm/186704217410","No","car seat cushion","SLFC460300","186704217410","No","No"
"118","https://www.ebay.com.au/itm/186704217410","Stelive Memory Foam Seat Cushion Butt Support Pillow Coccyx Cushion (Blue, Grey)","foam seat cushion","SLFC460300","186704217410","P1 - 1 / 62","No","Yes"
"119","https://www.ebay.com.au/itm/186704217410","Stelive Memory Foam Seat Cushion Butt Support Pillow Coccyx Cushion (Blue, Grey)","memory foam seat","SLFC460300","186704217410","P1 - 1 / 62","No","Yes"
"120","https://www.ebay.com.au/itm/186704217410","Stelive Memory Foam Seat Cushion Butt Support Pillow Coccyx Cushion (Blue, Grey)","memory foam cushion","SLFC460300","186704217410","P1 - 2 / 62","No","Yes"
"121","https://www.ebay.com.au/itm/186704217410","Stelive Memory Foam Seat Cushion Butt Support Pillow Coccyx Cushion (Blue, Grey)","memory foam seat cushion","SLFC460300","186704217410","P1 - 1 / 62","No","Yes"
"122","https://www.ebay.com.au/itm/186704217410","Stelive Memory Foam Seat Cushion Butt Support Pillow Coccyx Cushion (Blue, Grey)","foam seat pad","SLFC460300","186704217410","P1 - 1 / 62","No","Yes"
"123","https://www.ebay.com.au/itm/186704217410","No","car seat cushion memory foam","SLFC460300","186704217410","No","No"
"124","https://www.ebay.com.au/itm/186704217410","Stelive Memory Foam Seat Cushion Butt Support Pillow Coccyx Cushion (Blue, Grey)","butt pillow","SLFC460300","186704217410","P1 - 6 / 62","No","Yes"
"125","https://www.ebay.com.au/itm/186621342953","MasterSpec 5-Tier Garage Shelf 1500x700x300mm Warehouse Rack Storage Rack","warehouse rack","MSSU150092","186621342953","P1 - 40 / 62","No","No"
"126","https://www.ebay.com.au/itm/186621342953","No","pallet racking","MSSU150092","186621342953","No","No"
"127","https://www.ebay.com.au/itm/186621342953","No","garage shelving","MSSU150092","186621342953","No","No"
"128","https://www.ebay.com.au/itm/186621342953","MasterSpec 5-Tier Garage Shelf 1500x700x300mm Warehouse Rack Storage Rack","garage shelf","MSSU150092","186621342953","P1 - 38 / 62","No","No"
"129","https://www.ebay.com.au/itm/186621342953","No","garage shelving","MSSU150092","186621342953","No","No"
"130","https://www.ebay.com.au/itm/186557919534","Stelive 8 Tier Dual Sided Pan Rack Pot Pan Organizer Adjustable Pot Organizer","hanging pot rack","SLPR8TR111","186557919534","P1 - 3 / 62","No","Yes"
"131","https://www.ebay.com.au/itm/186557919534","Stelive 8 Tier Dual Sided Pan Rack Pot Pan Organizer Adjustable Pot Organizer","pot and pan organizer","SLPR8TR111","186557919534","P1 - 4 / 62","No","Yes"
"132","https://www.ebay.com.au/itm/186557919534","Stelive 8 Tier Dual Sided Pan Rack Pot Pan Organizer Adjustable Pot Organizer","pan organizer","SLPR8TR111","186557919534","P1 - 2 / 66","No","Yes"
"133","https://www.ebay.com.au/itm/186557919534","Stelive 8 Tier Dual Sided Pan Rack Pot Pan Organizer Adjustable Pot Organizer","pan rack","SLPR8TR111","186557919534","P1 - 2 / 62","No","Yes"
"134","https://www.ebay.com.au/itm/186557919534","Stelive 8 Tier Dual Sided Pan Rack Pot Pan Organizer Adjustable Pot Organizer","pot rack","SLPR8TR111","186557919534","P1 - 3 / 62","No","Yes"
"135","https://www.ebay.com.au/itm/186557922091","Stelive 2-Tier Dish Drying Rack Dish Drainer Cutlery Holder Dish Storage Rack","dish drainer drying rack","SLDR2LY110","186557922091","P1 - 14 / 62","No","Yes"
"136","https://www.ebay.com.au/itm/186557922091","Stelive 2-Tier Dish Drying Rack Dish Drainer Cutlery Holder Dish Storage Rack","dish rack drainer tray","SLDR2LY110","186557922091","P1 - 14 / 62","No","Yes"
"137","https://www.ebay.com.au/itm/186557922091","Stelive 2-Tier Dish Drying Rack Dish Drainer Cutlery Holder Dish Storage Rack","2 tier dish drainer","SLDR2LY110","186557922091","P1 - 4 / 62","No","Yes"
"138","https://www.ebay.com.au/itm/186557922091","Stelive 2-Tier Dish Drying Rack Dish Drainer Cutlery Holder Dish Storage Rack","drying rack dishes","SLDR2LY110","186557922091","P1 - 59 / 62","No","Yes"
"139","https://www.ebay.com.au/itm/186557922091","Stelive 2-Tier Dish Drying Rack Dish Drainer Cutlery Holder Dish Storage Rack","dish storage rack","SLDR2LY110","186557922091","P1 - 1 / 62","No","Yes"
"140","https://www.ebay.com.au/itm/186557922091","Stelive 2-Tier Dish Drying Rack Dish Drainer Cutlery Holder Dish Storage Rack","2 tier dish drying rack","SLDR2LY110","186557922091","P1 - 29 / 62","No","No"
"141","https://www.ebay.com.au/itm/186557922091","Stelive 2-Tier Dish Drying Rack Dish Drainer Cutlery Holder Dish Storage Rack","dish drainer with tray","SLDR2LY110","186557922091","P1 - 3 / 62","No","Yes"
"142","https://www.ebay.com.au/itm/186441058466","No","body composition scale","MKSSBMI101","186441058466","No","No"
"143","https://www.ebay.com.au/itm/186441058466","Monika Smart Scale for Body Weight Fat Muscle Mass Bluetooth with Smartphone App","weight scale for body","MKSSBMI101","186441058466","P1 - 7 / 62","No","Yes"
"144","https://www.ebay.com.au/itm/186441058466","Monika Smart Scale for Body Weight Fat Muscle Mass Bluetooth with Smartphone App","body scale","MKSSBMI101","186441058466","P2 - 12 / 62","No","Yes"
"145","https://www.ebay.com.au/itm/186441058466","Monika Smart Scale for Body Weight Fat Muscle Mass Bluetooth with Smartphone App","smart scale","MKSSBMI101","186441058466","P1 - 3 / 62","No","Yes"
"146","https://www.ebay.com.au/itm/186441058466","Monika Smart Scale for Body Weight Fat Muscle Mass Bluetooth with Smartphone App","smart scale","MKSSBMI101","186441058466","P1 - 3 / 62","No","Yes"
"147","https://www.ebay.com.au/itm/186441058466","Monika Smart Scale for Body Weight Fat Muscle Mass Bluetooth with Smartphone App","bluetooth scale","MKSSBMI101","186441058466","P1 - 3 / 62","No","Yes"
"148","https://www.ebay.com.au/itm/186441058466","Monika Smart Scale for Body Weight Fat Muscle Mass Bluetooth with Smartphone App","fat scale","MKSSBMI101","186441058466","P1 - 2 / 62","No","Yes"
"149","https://www.ebay.com.au/itm/186441058466","Monika Smart Scale for Body Weight Fat Muscle Mass Bluetooth with Smartphone App","bathroom scale","MKSSBMI101","186441058466","P1 - 31 / 62","No","No"
"150","https://www.ebay.com.au/itm/186430533986","TOPEX 38Pcs Allen Key Set Hex Key Allen Wrench Folding Ball End Metric/SAE/Star","allen key set","TXAK38P058","186430533986","P1 - 9 / 62","No","Yes"
"151","https://www.ebay.com.au/itm/186430533986","TOPEX 38Pcs Allen Key Set Hex Key Allen Wrench Folding Ball End Metric/SAE/Star","hex key","TXAK38P058","186430533986","P1 - 12 / 62","No","Yes"
"152","https://www.ebay.com.au/itm/186430533986","TOPEX 38Pcs Allen Key Set Hex Key Allen Wrench Folding Ball End Metric/SAE/Star","allen wrench set","TXAK38P058","186430533986","P1 - 7 / 62","No","Yes"
"153","https://www.ebay.com.au/itm/186430533986","TOPEX 38Pcs Allen Key Set Hex Key Allen Wrench Folding Ball End Metric/SAE/Star","allen key","TXAK38P058","186430533986","P1 - 3 / 62","No","Yes"
"154","https://www.ebay.com.au/itm/186430533986","TOPEX 38Pcs Allen Key Set Hex Key Allen Wrench Folding Ball End Metric/SAE/Star","allen key set","TXAK38P058","186430533986","P1 - 9 / 62","No","Yes"
"155","https://www.ebay.com.au/itm/186430533986","TOPEX 38Pcs Allen Key Set Hex Key Allen Wrench Folding Ball End Metric/SAE/Star","hex key set","TXAK38P058","186430533986","P1 - 9 / 62","No","Yes"
"156","https://www.ebay.com.au/itm/186430511238","No","nut driver set","TXND16S255","186430511238","No","No"
"157","https://www.ebay.com.au/itm/186430511238","No","magnetic nut driver set","TXND16S255","186430511238","No","No"
"158","https://www.ebay.com.au/itm/186430511238","No","impact nut driver set","TXND16S255","186430511238","No","No"
"159","https://www.ebay.com.au/itm/186430511238","No","magnetic socket","TXND16S255","186430511238","No","No"
"160","https://www.ebay.com.au/itm/186430602097","TOPEX 13Pcs Drill Socket Adapter Set Impact Socket Adapters Socket Extensions","socket set","TXSA13S254","186430602097","P2 - 46 / 62","No","No"
"161","https://www.ebay.com.au/itm/186430602097","No","1/4 drive socket set","TXSA13S254","186430602097","No","No"
"162","https://www.ebay.com.au/itm/186430602097","TOPEX 13Pcs Drill Socket Adapter Set Impact Socket Adapters Socket Extensions","socket adapter set","TXSA13S254","186430602097","P1 - 6 / 62","No","Yes"
"163","https://www.ebay.com.au/itm/186430602097","TOPEX 13Pcs Drill Socket Adapter Set Impact Socket Adapters Socket Extensions","socket extension set","TXSA13S254","186430602097","P1 - 25 / 62","No","No"
"164","https://www.ebay.com.au/itm/186430602097","TOPEX 13Pcs Drill Socket Adapter Set Impact Socket Adapters Socket Extensions","socket adaptor","TXSA13S254","186430602097","P1 - 2 / 62","No","Yes"
"165","https://www.ebay.com.au/itm/186430602097","TOPEX 13Pcs Drill Socket Adapter Set Impact Socket Adapters Socket Extensions","impact nut driver","TXSA13S254","186430602097","P1 - 4 / 62","No","Yes"
"166","https://www.ebay.com.au/itm/186430602097","TOPEX 13Pcs Drill Socket Adapter Set Impact Socket Adapters Socket Extensions","socket set","TXSA13S254","186430602097","P2 - 46 / 62","No","No"
"167","https://www.ebay.com.au/itm/186430602097","TOPEX 13Pcs Drill Socket Adapter Set Impact Socket Adapters Socket Extensions","drill socket adapter","TXSA13S254","186430602097","P1 - 1 / 62","No","Yes"
"168","https://www.ebay.com.au/itm/186400088441","TOPEX 3/8"" 12V Cordless Electric Ratchet Wrench 45NM 300RPM Variable Speed & LED","cordless ratchet wrench","TXRW12V232","186400088441","P1 - 2 / 62","No","Yes"
"169","https://www.ebay.com.au/itm/186400088441","TOPEX 3/8"" 12V Cordless Electric Ratchet Wrench 45NM 300RPM Variable Speed & LED","1/4"" cordless ratchet","TXRW12V232","186400088441","P1 - 14 / 62","No","Yes"
"170","https://www.ebay.com.au/itm/186400088441","TOPEX 3/8"" 12V Cordless Electric Ratchet Wrench 45NM 300RPM Variable Speed & LED","cordless ratchet","TXRW12V232","186400088441","P1 - 14 / 62","No","Yes"
"171","https://www.ebay.com.au/itm/186400088441","TOPEX 3/8"" 12V Cordless Electric Ratchet Wrench 45NM 300RPM Variable Speed & LED","cordless electric ratchet wrench","TXRW12V232","186400088441","P1 - 3 / 62","No","Yes"
"172","https://www.ebay.com.au/itm/186400088441","TOPEX 3/8"" 12V Cordless Electric Ratchet Wrench 45NM 300RPM Variable Speed & LED","cordless ratchet wrench","TXRW12V232","186400088441","P1 - 2 / 62","No","Yes"
"173","https://www.ebay.com.au/itm/186400077011","TOPEX 12V Cordless Impact Wrench with 3/8-Inch Chuck,Torque Max 120 N.m, 6 Socks","impact wrench brushless","TXIW12V230","186400077011","P1 - 29 / 62","No","No"
"174","https://www.ebay.com.au/itm/186400077011","TOPEX 12V Cordless Impact Wrench with 3/8-Inch Chuck,Torque Max 120 N.m, 6 Socks","cordless impact wrench","TXIW12V230","186400077011","P1 - 29 / 62","No","No"
"175","https://www.ebay.com.au/itm/186400077011","TOPEX 12V Cordless Impact Wrench with 3/8-Inch Chuck,Torque Max 120 N.m, 6 Socks","3/8 impact wrench","TXIW12V230","186400077011","P1 - 12 / 62","No","Yes"
"176","https://www.ebay.com.au/itm/186400077011","TOPEX 12V Cordless Impact Wrench with 3/8-Inch Chuck,Torque Max 120 N.m, 6 Socks","12 volt impact wrench","TXIW12V230","186400077011","P1 - 15 / 62","No","Yes"
"177","https://www.ebay.com.au/itm/186400077011","TOPEX 12V Cordless Impact Wrench with 3/8-Inch Chuck,Torque Max 120 N.m, 6 Socks","3/8 cordless impact wrench","TXIW12V230","186400077011","P1 - 10 / 62","No","Yes"
"178","https://www.ebay.com.au/itm/186400077011","TOPEX 12V Cordless Impact Wrench with 3/8-Inch Chuck,Torque Max 120 N.m, 6 Socks","impact wrench cordless","TXIW12V230","186400077011","P1 - 16 / 62","No","Yes"
"179","https://www.ebay.com.au/itm/186400102039","TOPEX 120W Bench Grinder w/ 2 Grinding Wheels & Tool Rests Eye-Protecting Shield","bench grinder","TXBG120099","186400102039","P1 - 3 / 62","No","Yes"
"180","https://www.ebay.com.au/itm/186400102039","TOPEX 120W Bench Grinder w/ 2 Grinding Wheels & Tool Rests Eye-Protecting Shield","bench grinder machine","TXBG120099","186400102039","P1 - 4 / 62","No","Yes"
"181","https://www.ebay.com.au/itm/186400102039","TOPEX 120W Bench Grinder w/ 2 Grinding Wheels & Tool Rests Eye-Protecting Shield","bench grinder polisher","TXBG120099","186400102039","P1 - 14 / 62","No","Yes"
"182","https://www.ebay.com.au/itm/186400102039","TOPEX 120W Bench Grinder w/ 2 Grinding Wheels & Tool Rests Eye-Protecting Shield","bench grinder","TXBG120099","186400102039","P1 - 3 / 62","No","Yes"
"183","https://www.ebay.com.au/itm/186400102039","TOPEX 120W Bench Grinder w/ 2 Grinding Wheels & Tool Rests Eye-Protecting Shield","200mm bench grinder","TXBG120099","186400102039","P1 - 14 / 62","No","Yes"
"184","https://www.ebay.com.au/itm/186400102039","TOPEX 120W Bench Grinder w/ 2 Grinding Wheels & Tool Rests Eye-Protecting Shield","mini bench grinder","TXBG120099","186400102039","P1 - 2 / 62","No","Yes"
"185","https://www.ebay.com.au/itm/186400059405","Topex 3in1 200W Electric Finishing Sander Sanding Tool 6 Speeds 3 Sanding Base","random orbital sander","TXES3N1098","186400059405","P1 - 59 / 62","No","No"
"186","https://www.ebay.com.au/itm/186400059405","Topex 3in1 200W Electric Finishing Sander Sanding Tool 6 Speeds 3 Sanding Base","sander electric","TXES3N1098","186400059405","P1 - 32 / 62","No","No"
"187","https://www.ebay.com.au/itm/186400059405","Topex 3in1 200W Electric Finishing Sander Sanding Tool 6 Speeds 3 Sanding Base","orbital sander","TXES3N1098","186400059405","P2 - 32 / 62","No","No"
"188","https://www.ebay.com.au/itm/186400059405","Topex 3in1 200W Electric Finishing Sander Sanding Tool 6 Speeds 3 Sanding Base","sander","TXES3N1098","186400059405","P1 - 60 / 62","No","No"
"189","https://www.ebay.com.au/itm/186400059405","Topex 3in1 200W Electric Finishing Sander Sanding Tool 6 Speeds 3 Sanding Base","sander","TXES3N1098","186400059405","P1 - 60 / 62","No","No"
"190","https://www.ebay.com.au/itm/186400059405","Topex 3in1 200W Electric Finishing Sander Sanding Tool 6 Speeds 3 Sanding Base","electric sander","TXES3N1098","186400059405","P1 - 31 / 62","No","No"
"191","https://www.ebay.com.au/itm/186400059405","Topex 3in1 200W Electric Finishing Sander Sanding Tool 6 Speeds 3 Sanding Base","mouse sander","TXES3N1098","186400059405","P1 - 15 / 62","No","Yes"
"192","https://www.ebay.com.au/itm/186400059405","Topex 3in1 200W Electric Finishing Sander Sanding Tool 6 Speeds 3 Sanding Base","electric detail sander","TXES3N1098","186400059405","P1 - 22 / 70","No","Yes"
"193","https://www.ebay.com.au/itm/186400059405","Topex 3in1 200W Electric Finishing Sander Sanding Tool 6 Speeds 3 Sanding Base","detail sander","TXES3N1098","186400059405","P1 - 19 / 66","No","Yes"
"194","https://www.ebay.com.au/itm/185487539412","Monika Pink Tool Combo Portable Household Tool Set & Piece Gardening Tool Kit","hand tool sets","MK012MK014","185487539412","P1 - 60 / 62","No","No"
"195","https://www.ebay.com.au/itm/185487539412","Monika Pink Tool Combo Portable Household Tool Set & Piece Gardening Tool Kit","pink tool kit","MK012MK014","185487539412","P1 - 14 / 62","No","Yes"
"196","https://www.ebay.com.au/itm/185296205249","No","cordless screwdriver","MK001MK002","185296205249","No","No"
"197","https://www.ebay.com.au/itm/185296205249","Monika Pink Tool Combo Cordless Drill Driver ELectric Cutter Bottle Opener Screw","cordless drill pink","MK001MK002","185296205249","P1 - 1 / 62","No","Yes"
"198","https://www.ebay.com.au/itm/185296205249","Monika Pink Tool Combo Cordless Drill Driver ELectric Cutter Bottle Opener Screw","lady cordless drill","MK001MK002","185296205249","P1 - 1 / 62","No","Yes"
"199","https://www.ebay.com.au/itm/185296205249","Monika Pink Tool Combo Cordless Drill Driver ELectric Cutter Bottle Opener Screw","power tools pink","MK001MK002","185296205249","P1 - 1 / 62","No","Yes"
"200","https://www.ebay.com.au/itm/186366192767","TOPEX Carpet and Upholstery Spot Cleaner Professional Stain Remover SpotWasher","upholstery cleaner","TXSC450600","186366192767","P1 - 2 / 69","No","Yes"
"201","https://www.ebay.com.au/itm/186366192767","TOPEX Carpet and Upholstery Spot Cleaner Professional Stain Remover SpotWasher","spot cleaner","TXSC450600","186366192767","P1 - 1 / 70","No","Yes"
"202","https://www.ebay.com.au/itm/186366192767","TOPEX Carpet and Upholstery Spot Cleaner Professional Stain Remover SpotWasher","carpet cleaner","TXSC450600","186366192767","P1 - 8 / 70","No","Yes"
"203","https://www.ebay.com.au/itm/186366192767","TOPEX Carpet and Upholstery Spot Cleaner Professional Stain Remover SpotWasher","carpet spot cleaner","TXSC450600","186366192767","P1 - 1 / 70","No","Yes"
"204","https://www.ebay.com.au/itm/186366192767","TOPEX Carpet and Upholstery Spot Cleaner Professional Stain Remover SpotWasher","carpet cleaner","TXSC450600","186366192767","P1 - 8 / 70","No","Yes"
"205","https://www.ebay.com.au/itm/186366192767","TOPEX Carpet and Upholstery Spot Cleaner Professional Stain Remover SpotWasher","upholstery cleaner","TXSC450600","186366192767","P1 - 2 / 69","No","Yes"
"206","https://www.ebay.com.au/itm/186366192767","TOPEX Carpet and Upholstery Spot Cleaner Professional Stain Remover SpotWasher","carpet and upholstery cleaner","TXSC450600","186366192767","P1 - 2 / 62","No","Yes"
"207","https://www.ebay.com.au/itm/186364708135","TOPEX 65W Electric Multifunction Sharpener SAA Drill Bit Knives Scissors Chisel","electric drill bit sharpener","TXMS65W390","186364708135","P1 - 1 / 62","No","Yes"
"208","https://www.ebay.com.au/itm/186364708135","No","drill sharpener","TXMS65W390","186364708135","No","No"
"209","https://www.ebay.com.au/itm/186364708135","TOPEX 65W Electric Multifunction Sharpener SAA Drill Bit Knives Scissors Chisel","multifunction sharpener","TXMS65W390","186364708135","P1 - 3 / 62","No","Yes"
"210","https://www.ebay.com.au/itm/186341697526","TOPEX 239pcs Rotary Tool Accessory Kit Grinding Polishing Shank Craft Bit Set","rotary tool accessory","TXRT239097","186341697526","P1 - 4 / 62","No","Yes"
"211","https://www.ebay.com.au/itm/186341697526","TOPEX 239pcs Rotary Tool Accessory Kit Grinding Polishing Shank Craft Bit Set","rotary tool accessories","TXRT239097","186341697526","P1 - 1 / 62","No","Yes"
"212","https://www.ebay.com.au/itm/186334300215","TOPEX 5"" Flap Disc125mm Zirconia Sanding Wheel 40/60/80/120 Grit Sander Grinding","flap disc","TXFD125322","186334300215","P1 - 9 / 62","No","Yes"
"213","https://www.ebay.com.au/itm/186334300215","TOPEX 5"" Flap Disc125mm Zirconia Sanding Wheel 40/60/80/120 Grit Sander Grinding","zirconia flap disc","TXFD125322","186334300215","P1 - 8 / 62","No","Yes"
"214","https://www.ebay.com.au/itm/186334300215","TOPEX 5"" Flap Disc125mm Zirconia Sanding Wheel 40/60/80/120 Grit Sander Grinding","flap disc","TXFD125322","186334300215","P1 - 9 / 62","No","Yes"
"215","https://www.ebay.com.au/itm/186334300215","TOPEX 5"" Flap Disc125mm Zirconia Sanding Wheel 40/60/80/120 Grit Sander Grinding","125mm flap disc","TXFD125322","186334300215","P1 - 4 / 62","No","Yes"
"216","https://www.ebay.com.au/itm/186334300215","TOPEX 5"" Flap Disc125mm Zirconia Sanding Wheel 40/60/80/120 Grit Sander Grinding","flap discs 125mm","TXFD125322","186334300215","P1 - 12 / 62","No","Yes"
"217","https://www.ebay.com.au/itm/186334300215","TOPEX 5"" Flap Disc125mm Zirconia Sanding Wheel 40/60/80/120 Grit Sander Grinding","5inch flap discs","TXFD125322","186334300215","P1 - 14 / 62","No","Yes"
"218","https://www.ebay.com.au/itm/186334300215","TOPEX 5"" Flap Disc125mm Zirconia Sanding Wheel 40/60/80/120 Grit Sander Grinding","grit flap disc","TXFD125322","186334300215","P1 - 8 / 62","No","Yes"
"219","https://www.ebay.com.au/itm/186334247047","Stelive Compact Air Purifier 40m2 3-Stage Ture HEPA-13 & Active Carbon Filter","air purifiers for the bedroom","SLAP175200","186334247047","P1 - 3 / 62","No","Yes"
"220","https://www.ebay.com.au/itm/186334247047","Stelive Compact Air Purifier 40m2 3-Stage Ture HEPA-13 & Active Carbon Filter","air purifiers for the home","SLAP175200","186334247047","P1 - 1 / 62","No","Yes"
"221","https://www.ebay.com.au/itm/186334247047","Stelive Compact Air Purifier 40m2 3-Stage Ture HEPA-13 & Active Carbon Filter","air purifier","SLAP175200","186334247047","P1 - 3 / 62","No","Yes"
"222","https://www.ebay.com.au/itm/186334247047","Stelive Compact Air Purifier 40m2 3-Stage Ture HEPA-13 & Active Carbon Filter","air purifier home","SLAP175200","186334247047","P1 - 2 / 62","No","Yes"
"223","https://www.ebay.com.au/itm/186334247047","Stelive Compact Air Purifier 40m2 3-Stage Ture HEPA-13 & Active Carbon Filter","air purifier hepa","SLAP175200","186334247047","P1 - 3 / 62","No","Yes"
"224","https://www.ebay.com.au/itm/186334247047","Stelive Compact Air Purifier 40m2 3-Stage Ture HEPA-13 & Active Carbon Filter","hepa air purifier","SLAP175200","186334247047","P1 - 1 / 62","No","Yes"
"225","https://www.ebay.com.au/itm/186334297375","TOPEX 5-Piece Swivel Spark Plug Socket Set 3/8"" Drive Magnetic Extra Long","spark plug socket set","TXSP5PC253","186334297375","P1 - 4 / 62","No","Yes"
"226","https://www.ebay.com.au/itm/186334297375","TOPEX 5-Piece Swivel Spark Plug Socket Set 3/8"" Drive Magnetic Extra Long","spark plug socket","TXSP5PC253","186334297375","P1 - 9 / 62","No","Yes"
"227","https://www.ebay.com.au/itm/186334297375","TOPEX 5-Piece Swivel Spark Plug Socket Set 3/8"" Drive Magnetic Extra Long","swivel spark plug socket","TXSP5PC253","186334297375","P1 - 5 / 62","No","Yes"
"228","https://www.ebay.com.au/itm/186334297375","TOPEX 5-Piece Swivel Spark Plug Socket Set 3/8"" Drive Magnetic Extra Long","spark plug socket","TXSP5PC253","186334297375","P1 - 9 / 62","No","Yes"
"229","https://www.ebay.com.au/itm/186334297375","TOPEX 5-Piece Swivel Spark Plug Socket Set 3/8"" Drive Magnetic Extra Long","spark plug socket set","TXSP5PC253","186334297375","P1 - 4 / 62","No","Yes"
"230","https://www.ebay.com.au/itm/186334297375","No","14mm spark plug socket","TXSP5PC253","186334297375","No","No"
"231","https://www.ebay.com.au/itm/186312083773","Stelive 56 PCs Clear Food Storage Container Set Leak Proof Lunch Boxes BPA-Free","kitchen storage container set","SLFC56P101","186312083773","P1 - 2 / 62","No","Yes"
"232","https://www.ebay.com.au/itm/186312083773","Stelive 56 PCs Clear Food Storage Container Set Leak Proof Lunch Boxes BPA-Free","food container","SLFC56P101","186312083773","P1 - 3 / 62","No","Yes"
"233","https://www.ebay.com.au/itm/186312083773","Stelive 56 PCs Clear Food Storage Container Set Leak Proof Lunch Boxes BPA-Free","food storage containers","SLFC56P101","186312083773","P1 - 34 / 62","No","No"
"234","https://www.ebay.com.au/itm/186312083773","Stelive 56 PCs Clear Food Storage Container Set Leak Proof Lunch Boxes BPA-Free","food container storage set","SLFC56P101","186312083773","P1 - 8 / 62","No","Yes"
"235","https://www.ebay.com.au/itm/186312083773","Stelive 56 PCs Clear Food Storage Container Set Leak Proof Lunch Boxes BPA-Free","food container","SLFC56P101","186312083773","P1 - 3 / 62","No","Yes"
"236","https://www.ebay.com.au/itm/186179076771","No","lady shaver","MKSE6N1091","186179076771","No","No"
"237","https://www.ebay.com.au/itm/186179076771","Monika 6-in-1 Electric Lady Shaver, Cordless Shaver for Woman Face/Leg/Underarm","electric lady shaver","MKSE6N1091","186179076771","P1 - 9 / 62","No","Yes"
"238","https://www.ebay.com.au/itm/186152738952","TOPEX 34 Piece Reciprocating Saw Blades, Premium Blades for Metal & Wood cutting","reciprocating saw blades","TXSBR34417","186152738952","P1 - 39 / 62","No","No"
"239","https://www.ebay.com.au/itm/186152738952","TOPEX 34 Piece Reciprocating Saw Blades, Premium Blades for Metal & Wood cutting","reciprocating saw blades metal","TXSBR34417","186152738952","P1 - 15 / 62","No","Yes"
"240","https://www.ebay.com.au/itm/186152738952","TOPEX 34 Piece Reciprocating Saw Blades, Premium Blades for Metal & Wood cutting","reciprocating saw blades pruning","TXSBR34417","186152738952","P1 - 2 / 62","No","Yes"
"241","https://www.ebay.com.au/itm/186152738952","TOPEX 34 Piece Reciprocating Saw Blades, Premium Blades for Metal & Wood cutting","reciprocating saw blades wood","TXSBR34417","186152738952","P1 - 3 / 62","No","Yes"
"242","https://www.ebay.com.au/itm/186152738952","No","saw blades","TXSBR34417","186152738952","No","No"
"243","https://www.ebay.com.au/itm/186152738952","TOPEX 34 Piece Reciprocating Saw Blades, Premium Blades for Metal & Wood cutting","sabre saw blades","TXSBR34417","186152738952","P1 - 2 / 62","No","Yes"
"244","https://www.ebay.com.au/itm/186152738952","TOPEX 34 Piece Reciprocating Saw Blades, Premium Blades for Metal & Wood cutting","reciprocating saw blades","TXSBR34417","186152738952","P1 - 32 / 62","No","No"
"245","https://www.ebay.com.au/itm/185272987502","TOPEX 285-Piece Automotive Electrical Repair Kit Gauge Wire Stripper Connectors","electrical repair kit","TXWS285057","185272987502","P1 - 1 / 62","No","Yes"
"246","https://www.ebay.com.au/itm/185272987502","No","wire stripper","TXWS285057","185272987502","No","No"
"247","https://www.ebay.com.au/itm/184929665402","TOPEX 3-in-1 Hot Wire Foam Cutter Styrofoam Cutting Tool Set","hot wire foam cutter","TXFC906W065","184929665402","P1 - 1 / 62","No","Yes"
"248","https://www.ebay.com.au/itm/184929665402","TOPEX 3-in-1 Hot Wire Foam Cutter Styrofoam Cutting Tool Set","styrofoam cutter","TXFC906W065","184929665402","P1 - 1 / 62","No","Yes"
"249","https://www.ebay.com.au/itm/184929665402","TOPEX 3-in-1 Hot Wire Foam Cutter Styrofoam Cutting Tool Set","foam cutter","TXFC906W065","184929665402","P1 - 3 / 62","No","Yes"
"250","https://www.ebay.com.au/itm/184929665402","TOPEX 3-in-1 Hot Wire Foam Cutter Styrofoam Cutting Tool Set","foam cutter","TXFC906W065","184929665402","P1 - 3 / 62","No","Yes"
"251","https://www.ebay.com.au/itm/186133583556","No","chainsaw","TX516","186133583556","No","No"
"252","https://www.ebay.com.au/itm/186133583556","No","leaf blower","TX516","186133583556","No","No"
"253","https://www.ebay.com.au/itm/186133583556","No","cordless blower","TX516","186133583556","No","No"
"254","https://www.ebay.com.au/itm/186133583556","TOPEX 20V Cordless Garden Tool Kit Chainsaw Hedge & GrassTrimmer Leaf Blower","power tools garden","TX516","186133583556","P1 - 23 / 62","No","Yes"
"255","https://www.ebay.com.au/itm/186133408447","No","leaf blower","TX515","186133408447","No","No"
"256","https://www.ebay.com.au/itm/186133408447","No","grass trimmer","TX515","186133408447","No","No"
"257","https://www.ebay.com.au/itm/186133408447","No","cordless blower","TX515","186133408447","No","No"
"258","https://www.ebay.com.au/itm/186133408447","No","whipper snipper","TX515","186133408447","No","No"
"259","https://www.ebay.com.au/itm/186133408447","No","line trimmer","TX515","186133408447","No","No"
"260","https://www.ebay.com.au/itm/186097338610","No","cordless scrubber","TXCS4V0240","186097338610","No","No"
"261","https://www.ebay.com.au/itm/186097338610","TOPEX 4V MAX Cordless Scrubber w/ 5 Replaceable Brush Heads for Home Cleanning","scrubber brush","TXCS4V0240","186097338610","P2 - 29 / 62","No","No"
"262","https://www.ebay.com.au/itm/185998945670","No","angle grinder","TX512","185998945670","No","No"
"263","https://www.ebay.com.au/itm/185998945670","TOPEX 12V Cordless Power Tool Kit Angle Grinder Circular Saw LED Torch","cordless power tools","TX512","185998945670","P1 - 2 / 62","No","Yes"
"264","https://www.ebay.com.au/itm/185998945670","No","circular saw","TX512","185998945670","No","No"
"265","https://www.ebay.com.au/itm/186116490834","No","vacuum cleaner","TXCV20V014","186116490834","No","No"
"266","https://www.ebay.com.au/itm/186116490834","No","handheld vacuum cleaner","TXCV20V014","186116490834","No","No"
"267","https://www.ebay.com.au/itm/186116490834","No","car vacuum cleaner","TXCV20V014","186116490834","No","No"
"268","https://www.ebay.com.au/itm/186116490834","No","cordless vacuum cleaner","TXCV20V014","186116490834","No","No"
"269","https://www.ebay.com.au/itm/186071626480","No","led torch","TXCT12V203","186071626480","No","No"
"270","https://www.ebay.com.au/itm/186071626480","TOPEX 12V Cordless LED Worklight Lithium-Ion LED Torch","makita 18v torch","TXCT12V203","186071626480","P1 - 59 / 62","No","No"
"271","https://www.ebay.com.au/itm/186071626480","No","led replacement torch bulbs","TXCT12V203","186071626480","No","No"
"272","https://www.ebay.com.au/itm/186029805398","No","cordless inflator","TX521","186029805398","No","No"
"273","https://www.ebay.com.au/itm/186029805398","No","handheld vacuum cleaner","TX521","186029805398","No","No"
"274","https://www.ebay.com.au/itm/186029805398","No","vacuum cleaner","TX521","186029805398","No","No"
"275","https://www.ebay.com.au/itm/186029805398","No","handheld vacuum cordless","TX521","186029805398","No","No"
"276","https://www.ebay.com.au/itm/186029805398","No","impact wrench","TX521","186029805398","No","No"
"277","https://www.ebay.com.au/itm/186008132332","TOPEX 1200W Angle Grinder Heavy Duty 125mm 5"" Angle Grinder w/ Cutting Disc","125mm angle grinder","TXAG12W028","186008132332","P1 - 3 / 62","No","Yes"
"278","https://www.ebay.com.au/itm/186008132332","No","125mm grinder","TXAG12W028","186008132332","No","No"
"279","https://www.ebay.com.au/itm/186008132332","No","angle grinder","TXAG12W028","186008132332","No","No"
"280","https://www.ebay.com.au/itm/186008132332","TOPEX 1200W Angle Grinder Heavy Duty 125mm 5"" Angle Grinder w/ Cutting Disc","125mm corded grinder","TXAG12W028","186008132332","P1 - 2 / 62","No","Yes"
"281","https://www.ebay.com.au/itm/185998613136","TOPEX 1500W SDS PLUS Rotary Hammer Drill Havey Duty Impact Hammer","rotary hammer drill","TXRH15W104","185998613136","P1 - 6 / 62","No","Yes"
"282","https://www.ebay.com.au/itm/185998613136","TOPEX 1500W SDS PLUS Rotary Hammer Drill Havey Duty Impact Hammer","hammer drill","TXRH15W104","185998613136","P1 - 9 / 62","No","Yes"
"283","https://www.ebay.com.au/itm/185998613136","TOPEX 1500W SDS PLUS Rotary Hammer Drill Havey Duty Impact Hammer","sds drill","TXRH15W104","185998613136","P1 - 2 / 62","No","Yes"
"284","https://www.ebay.com.au/itm/185998613136","TOPEX 1500W SDS PLUS Rotary Hammer Drill Havey Duty Impact Hammer","hammer drill sds","TXRH15W104","185998613136","P1 - 2 / 62","No","Yes"
"285","https://www.ebay.com.au/itm/185998613136","TOPEX 1500W SDS PLUS Rotary Hammer Drill Havey Duty Impact Hammer","sds rotary hammer drill","TXRH15W104","185998613136","P1 - 4 / 62","No","Yes"
"286","https://www.ebay.com.au/itm/185914312963","Monika 4 in 1 1200W Hair Styler Auto Curler Hot Air Brush w/ Ionic Care Tech","hair dryer brush","MKHS4N1071","185914312963","P1 - 15 / 62","No","Yes"
"287","https://www.ebay.com.au/itm/185914312963","Monika 4 in 1 1200W Hair Styler Auto Curler Hot Air Brush w/ Ionic Care Tech","air styler","MKHS4N1071","185914312963","P1 - 14 / 62","No","Yes"
"288","https://www.ebay.com.au/itm/185914312963","Monika 4 in 1 1200W Hair Styler Auto Curler Hot Air Brush w/ Ionic Care Tech","hair styler","MKHS4N1071","185914312963","P1 - 16 / 62","No","Yes"
"289","https://www.ebay.com.au/itm/185882082695","TOPEX 9 PCs Extension Bar Set 1/4"" 3/8"" and 1/2"" Black Drive Socket Extensions","socket extension set","TXEB9PC251","185882082695","P1 - 3 / 62","No","Yes"
"290","https://www.ebay.com.au/itm/185882082695","TOPEX 9 PCs Extension Bar Set 1/4"" 3/8"" and 1/2"" Black Drive Socket Extensions","extension bar set","TXEB9PC251","185882082695","P1 - 2 / 62","No","Yes"
"291","https://www.ebay.com.au/itm/185882082695","TOPEX 9 PCs Extension Bar Set 1/4"" 3/8"" and 1/2"" Black Drive Socket Extensions","extension bar","TXEB9PC251","185882082695","P1 - 3 / 62","No","Yes"
"292","https://www.ebay.com.au/itm/185882082695","TOPEX 9 PCs Extension Bar Set 1/4"" 3/8"" and 1/2"" Black Drive Socket Extensions","3/8 extension bar","TXEB9PC251","185882082695","P1 - 2 / 62","No","Yes"
"293","https://www.ebay.com.au/itm/185882082695","TOPEX 9 PCs Extension Bar Set 1/4"" 3/8"" and 1/2"" Black Drive Socket Extensions","1/2 extension bar","TXEB9PC251","185882082695","P1 - 3 / 62","No","Yes"
"294","https://www.ebay.com.au/itm/185882082695","TOPEX 9 PCs Extension Bar Set 1/4"" 3/8"" and 1/2"" Black Drive Socket Extensions","impact extension bar","TXEB9PC251","185882082695","P1 - 2 / 62","No","Yes"
"295","https://www.ebay.com.au/itm/185030409613","12V Water Pump High Pressure Caravan Boat Self Priming Mirco Diaphragm","water pump 12v","TLWP12V101","185030409613","P1 - 1 / 62","No","Yes"
"296","https://www.ebay.com.au/itm/185860247260","truepal Double-Layer Cat Litter Mat 65x45cm Waterproof Trapper Foldable Pet Pad","cat litter pad","TPCMSML008","185860247260","P1 - 5 / 62","No","Yes"
"297","https://www.ebay.com.au/itm/185860247260","truepal Double-Layer Cat Litter Mat 65x45cm Waterproof Trapper Foldable Pet Pad","cat litter mat","TPCMSML008","185860247260","P1 - 2 / 62","No","Yes"
"298","https://www.ebay.com.au/itm/185026721472","TOPEX 20V Cordless Leaf Blower 200Km/h Garden Dust Lightweight Handheld Blower","leaf blower cordless","TXCB20V121","185026721472","P1 - 14 / 62","No","Yes"
"299","https://www.ebay.com.au/itm/185026721472","TOPEX 20V Cordless Leaf Blower 200Km/h Garden Dust Lightweight Handheld Blower","battery leaf blower","TXCB20V121","185026721472","P1 - 14 / 62","No","Yes"
"300","https://www.ebay.com.au/itm/185026721472","TOPEX 20V Cordless Leaf Blower 200Km/h Garden Dust Lightweight Handheld Blower","cordless blower vacuum","TXCB20V121","185026721472","P1 - 4 / 62","No","Yes"
"301","https://www.ebay.com.au/itm/185650769515","MasterSpec 64pcs Tyre Puncture Repair Kit Heavy Duty 4WD Offroad Plugs Tubeless","puncture repair kit","MSTR64P081","185650769515","P1 - 5 / 62","No","Yes"
"302","https://www.ebay.com.au/itm/185650769515","MasterSpec 64pcs Tyre Puncture Repair Kit Heavy Duty 4WD Offroad Plugs Tubeless","tyre repair kit","MSTR64P081","185650769515","P1 - 2 / 62","No","Yes"
"303","https://www.ebay.com.au/itm/185650769515","MasterSpec 64pcs Tyre Puncture Repair Kit Heavy Duty 4WD Offroad Plugs Tubeless","puncture repair kit","MSTR64P081","185650769515","P1 - 5 / 62","No","Yes"
"304","https://www.ebay.com.au/itm/185650769515","MasterSpec 64pcs Tyre Puncture Repair Kit Heavy Duty 4WD Offroad Plugs Tubeless","car tyre repair kit","MSTR64P081","185650769515","P1 - 14 / 62","No","Yes"
"305","https://www.ebay.com.au/itm/185650769515","MasterSpec 64pcs Tyre Puncture Repair Kit Heavy Duty 4WD Offroad Plugs Tubeless","tyre plug kit","MSTR64P081","185650769515","P1 - 1 / 62","No","Yes"
"306","https://www.ebay.com.au/itm/185650769515","MasterSpec 64pcs Tyre Puncture Repair Kit Heavy Duty 4WD Offroad Plugs Tubeless","tubeless tyre repair kit","MSTR64P081","185650769515","P1 - 4 / 62","No","Yes"
"307","https://www.ebay.com.au/itm/185018804991","200W Heavy Duty Rotary Tool Set Grinder Sander Polisher Flex Shaft Multi Kit","rotary tool","TXRT200W092","185018804991","P1 - 1 / 62","No","Yes"
"308","https://www.ebay.com.au/itm/185018804991","No","rotary tool kit","TXRT200W092","185018804991","No","No"
"309","https://www.ebay.com.au/itm/185018804991","200W Heavy Duty Rotary Tool Set Grinder Sander Polisher Flex Shaft Multi Kit","electric rotary tool","TXRT200W092","185018804991","P1 - 1 / 62","No","Yes"
"310","https://www.ebay.com.au/itm/185018804991","200W Heavy Duty Rotary Tool Set Grinder Sander Polisher Flex Shaft Multi Kit","mini rotary tool","TXRT200W092","185018804991","P1 - 4 / 62","No","Yes"
"311","https://www.ebay.com.au/itm/185180081889","TOPEX Water Pump Submersible Sump Pump Water hose Swim Pool Flooding Pond Clean","submersible dirty water pump","TXDP750W132","185180081889","P1 - 15 / 62","No","Yes"
"312","https://www.ebay.com.au/itm/185180081889","TOPEX Water Pump Submersible Sump Pump Water hose Swim Pool Flooding Pond Clean","240v submersible water pump","TXDP750W132","185180081889","P1 - 4 / 62","No","Yes"
"313","https://www.ebay.com.au/itm/185556494563","MasterSpec 1180pcs Tool Box Trolley Tool Set Portable Tool Kit DIY Hand Tool Set","toolbox","MSHT1180P044","185556494563","P2 - 14 / 62","No","Yes"
"314","https://www.ebay.com.au/itm/185556494563","MasterSpec 1180pcs Tool Box Trolley Tool Set Portable Tool Kit DIY Hand Tool Set","tool set","MSHT1180P044","185556494563","P1 - 14 / 62","No","Yes"
"315","https://www.ebay.com.au/itm/185284945958","Fire Blanket 1x1m For Home Kitchen Office Caravan Emergency Australian Standard","fire blanket","FB10X10","185284945958","P1 - 1 / 62","No","Yes"
"316","https://www.ebay.com.au/itm/185284945958","Fire Blanket 1x1m For Home Kitchen Office Caravan Emergency Australian Standard","fire blanket","FB10X10","185284945958","P1 - 1 / 62","No","Yes"
"317","https://www.ebay.com.au/itm/185432982775","Firebox Flame Retardant 1.8M x 1.2M Fire Blanket Kitchen Car Office Warehouse","fire blanket","FB18X12","185432982775","P1 - 14 / 62","No","Yes"
"318","https://www.ebay.com.au/itm/185431373096","No","fire blanket","FB18X12","185431373096","No","No"
"319","https://www.ebay.com.au/itm/185431373096","No","fire blanket","FB18X18","185431373096","No","No"
"320","https://www.ebay.com.au/itm/185431324106","4.5KG High Pressure Dry Powder Fire Extinguisher with Vehicle and Wall Bracket","fire extinguisher","FB45ABE","185431324106","P1 - 3 / 62","No","Yes"
"321","https://www.ebay.com.au/itm/185431324106","4.5KG High Pressure Dry Powder Fire Extinguisher with Vehicle and Wall Bracket","4.5kg fire extinguisher","FB45ABE","185431324106","P1 - 3 / 62","No","Yes"
"322","https://www.ebay.com.au/itm/185431324106","4.5KG High Pressure Dry Powder Fire Extinguisher with Vehicle and Wall Bracket","fire extinguisher","FB45ABE","185431324106","P1 - 3 / 62","No","Yes"
"323","https://www.ebay.com.au/itm/185432975797","No","fire extinguisher","FB90ABE","185432975797","No","No"
"324","https://www.ebay.com.au/itm/185432975797","No","9kg fire extinguisher","FB90ABE","185432975797","No","No"
"325","https://www.ebay.com.au/itm/185273082337","TOPEX Deluxe Folding Utility Knife 2 Piece Lock Back Auto Load Total 58 Blades","utility knife","TXTK3PC056","185273082337","P2 - 19 / 62","No","Yes"
"326","https://www.ebay.com.au/itm/185273082337","TOPEX Deluxe Folding Utility Knife 2 Piece Lock Back Auto Load Total 58 Blades","folding utility knife","TXTK3PC056","185273082337","P1 - 2 / 62","No","Yes"
"327","https://www.ebay.com.au/itm/185273082337","TOPEX Deluxe Folding Utility Knife 2 Piece Lock Back Auto Load Total 58 Blades","utility knife","TXTK3PC056","185273082337","P2 - 19 / 62","No","Yes"
"328","https://www.ebay.com.au/itm/185273082337","TOPEX Deluxe Folding Utility Knife 2 Piece Lock Back Auto Load Total 58 Blades","knife blades","TXTK3PC056","185273082337","P1 - 14 / 62","No","Yes"
"329","https://www.ebay.com.au/itm/185273082337","TOPEX Deluxe Folding Utility Knife 2 Piece Lock Back Auto Load Total 58 Blades","utility knife blades","TXTK3PC056","185273082337","P1 - 16 / 62","No","Yes"
"330","https://www.ebay.com.au/itm/185273082337","TOPEX Deluxe Folding Utility Knife 2 Piece Lock Back Auto Load Total 58 Blades","utility","TXTK3PC056","185273082337","P2 - 31 / 62","No","No"
"331","https://www.ebay.com.au/itm/185374333818","50-400pcs 125mm 5"" Professional Cutting Wheels Discs 2 in1 Steel Inox Ultra Thin","grinding discs","TXCTD125M022","185374333818","P2 - 30 / 62","No","No"
"332","https://www.ebay.com.au/itm/185374333818","50-400pcs 125mm 5"" Professional Cutting Wheels Discs 2 in1 Steel Inox Ultra Thin","cutting discs","TXCTD125M022","185374333818","P1 - 26 / 62","No","No"
"333","https://www.ebay.com.au/itm/185290548827","160PCS Heavy Duty Nut Rivet Riveter Rivnut Nutsert Gun Riveting Kit Thread M3-12","rivet nut tool","TXRNG110P082","185290548827","P1 - 1 / 62","No","Yes"
"334","https://www.ebay.com.au/itm/185290548827","160PCS Heavy Duty Nut Rivet Riveter Rivnut Nutsert Gun Riveting Kit Thread M3-12","rivnut kit","TXRNG110P082","185290548827","P1 - 1 / 62","No","Yes"
"335","https://www.ebay.com.au/itm/185290548827","160PCS Heavy Duty Nut Rivet Riveter Rivnut Nutsert Gun Riveting Kit Thread M3-12","nut riveter","TXRNG110P082","185290548827","P1 - 2 / 62","No","Yes"
"336","https://www.ebay.com.au/itm/185324376993","No","engraver","TXEE13W095","185324376993","No","No"
"337","https://www.ebay.com.au/itm/185324376993","No","etching tool","TXEE13W095","185324376993","No","No"
"338","https://www.ebay.com.au/itm/185324376993","No","engraving tool","TXEE13W095","185324376993","No","No"
"339","https://www.ebay.com.au/itm/185324376993","No","engraving pen","TXEE13W095","185324376993","No","No"
"340","https://www.ebay.com.au/itm/185324376993","No","plastic engraver","TXEE13W095","185324376993","No","No"
"341","https://www.ebay.com.au/itm/185324376993","No","metal engraver","TXEE13W095","185324376993","No","No"
"342","https://www.ebay.com.au/itm/185324376993","No","engraving","TXEE13W095","185324376993","No","No"
"343","https://www.ebay.com.au/itm/186890399319","TOPEX 16 Inch Tool Bag, Tool Organiser with Multi-Pockets, Large Tool Tote Bag","large tool bag","TXTB16H702","186890399319","P1 - 2 / 62","No","Yes"
"344","https://www.ebay.com.au/itm/186784286110","TOPEX 12V Car Tyre Inflator Portable Air Compressor Dual Power Cordless Air Pump","car air compressor","TXTI12V010","186784286110","P1 - 3 / 62","No","Yes"
"345","https://www.ebay.com.au/itm/186784286110","TOPEX 12V Car Tyre Inflator Portable Air Compressor Dual Power Cordless Air Pump","cordless tyre inflator","TXTI12V010","186784286110","P1 - 1 / 62","No","Yes"
"346","https://www.ebay.com.au/itm/186784286110","TOPEX 12V Car Tyre Inflator Portable Air Compressor Dual Power Cordless Air Pump","tyre inflator","TXTI12V010","186784286110","P1 - 1 / 62","No","Yes"
"347","https://www.ebay.com.au/itm/186784286110","TOPEX 12V Car Tyre Inflator Portable Air Compressor Dual Power Cordless Air Pump","tire inflator","TXTI12V010","186784286110","P1 - 1 / 62","No","Yes"
"348","https://www.ebay.com.au/itm/186704238905","TOPEX 16-In-1 Multitool Plier Multi Tool & Folding Knife Set with Safety Locking","multitool","TXMK2PC059","186704238905","P1 - 32 / 62","No","No"
"349","https://www.ebay.com.au/itm/186704238905","TOPEX 16-In-1 Multitool Plier Multi Tool & Folding Knife Set with Safety Locking","multi-function tool set","TXMK2PC059","186704238905","P1 - 1 / 62","No","Yes"
"350","https://www.ebay.com.au/itm/186704217410","Stelive Memory Foam Seat Cushion Butt Support Pillow Coccyx Cushion (Blue, Grey)","chair cushion","SLFC460300","186704217410","P1 - 2 / 62","No","Yes"
"351","https://www.ebay.com.au/itm/186704217410","Stelive Memory Foam Seat Cushion Butt Support Pillow Coccyx Cushion (Blue, Grey)","tailbone cushion","SLFC460300","186704217410","P1 - 3 / 62","No","Yes"
"352","https://www.ebay.com.au/itm/186704217410","Stelive Memory Foam Seat Cushion Butt Support Pillow Coccyx Cushion (Blue, Grey)","seat cushion memory foam","SLFC460300","186704217410","P1 - 1 / 62","No","Yes"
"353","https://www.ebay.com.au/itm/186704217410","Stelive Memory Foam Seat Cushion Butt Support Pillow Coccyx Cushion (Blue, Grey)","car seat cushion back support","SLFC460300","186704217410","P1 - 4 / 62","No","Yes"
"354","https://www.ebay.com.au/itm/186704217410","No","memory foam car seat cushion","SLFC460300","186704217410","No","No"
"355","https://www.ebay.com.au/itm/186704217410","Stelive Memory Foam Seat Cushion Butt Support Pillow Coccyx Cushion (Blue, Grey)","seat cushion","SLFC460300","186704217410","P1 - 14 / 62","No","Yes"
"356","https://www.ebay.com.au/itm/186557922091","Stelive 2-Tier Dish Drying Rack Dish Drainer Cutlery Holder Dish Storage Rack","dish rack","SLDR2LY110","186557922091","P1 - 60 / 62","No","No"
"357","https://www.ebay.com.au/itm/186557922091","Stelive 2-Tier Dish Drying Rack Dish Drainer Cutlery Holder Dish Storage Rack","kitchen dish drying rack","SLDR2LY110","186557922091","P1 - 4 / 62","No","Yes"
"358","https://www.ebay.com.au/itm/186557922091","Stelive 2-Tier Dish Drying Rack Dish Drainer Cutlery Holder Dish Storage Rack","dish drying rack over sink","SLDR2LY110","186557922091","P1 - 2 / 62","No","Yes"
"359","https://www.ebay.com.au/itm/186557922091","Stelive 2-Tier Dish Drying Rack Dish Drainer Cutlery Holder Dish Storage Rack","over sink dish drying rack","SLDR2LY110","186557922091","P1 - 2 / 62","No","Yes"
"360","https://www.ebay.com.au/itm/186441058466","Monika Smart Scale for Body Weight Fat Muscle Mass Bluetooth with Smartphone App","smart digital scale","MKSSBMI101","186441058466","P1 - 4 / 62","No","Yes"
"361","https://www.ebay.com.au/itm/186441058466","Monika Smart Scale for Body Weight Fat Muscle Mass Bluetooth with Smartphone App","body fat scale","MKSSBMI101","186441058466","P1 - 15 / 62","No","Yes"
"362","https://www.ebay.com.au/itm/186441058466","Monika Smart Scale for Body Weight Fat Muscle Mass Bluetooth with Smartphone App","bathroom scale","MKSSBMI101","186441058466","P1 - 32 / 62","No","No"
"363","https://www.ebay.com.au/itm/186430602097","TOPEX 13Pcs Drill Socket Adapter Set Impact Socket Adapters Socket Extensions","impact driver socket set","TXSA13S254","186430602097","P1 - 32 / 62","No","No"
"364","https://www.ebay.com.au/itm/186430602097","TOPEX 13Pcs Drill Socket Adapter Set Impact Socket Adapters Socket Extensions","1/2 socket adaptor","TXSA13S254","186430602097","P1 - 1 / 62","No","Yes"
"365","https://www.ebay.com.au/itm/186430602097","No","impact driver bit set","TXSA13S254","186430602097","No","No"
"366","https://www.ebay.com.au/itm/186430602097","TOPEX 13Pcs Drill Socket Adapter Set Impact Socket Adapters Socket Extensions","impact socket adapter","TXSA13S254","186430602097","P1 - 6 / 62","No","Yes"
"367","https://www.ebay.com.au/itm/186430602097","TOPEX 13Pcs Drill Socket Adapter Set Impact Socket Adapters Socket Extensions","socket adaptor","TXSA13S254","186430602097","P1 - 2 / 62","No","Yes"
"368","https://www.ebay.com.au/itm/186430602097","No","1/4 inch socket set","TXSA13S254","186430602097","No","No"
"369","https://www.ebay.com.au/itm/186430602097","No","impact driver socket adapter","TXSA13S254","186430602097","No","No"
"370","https://www.ebay.com.au/itm/186400077011","TOPEX 12V Cordless Impact Wrench with 3/8-Inch Chuck,Torque Max 120 N.m, 6 Socks","electric impact wrench","TXIW12V230","186400077011","P1 - 15 / 62","No","Yes"
"371","https://www.ebay.com.au/itm/186400077011","TOPEX 12V Cordless Impact Wrench with 3/8-Inch Chuck,Torque Max 120 N.m, 6 Socks","3/8 mini impact wrench battery","TXIW12V230","186400077011","P1 - 59 / 111","No","No"
"372","https://www.ebay.com.au/itm/186400077011","TOPEX 12V Cordless Impact Wrench with 3/8-Inch Chuck,Torque Max 120 N.m, 6 Socks","12v impact wrench","TXIW12V230","186400077011","P1 - 3 / 62","No","Yes"
"373","https://www.ebay.com.au/itm/186400077011","TOPEX 12V Cordless Impact Wrench with 3/8-Inch Chuck,Torque Max 120 N.m, 6 Socks","impact wrench with socket","TXIW12V230","186400077011","P1 - 15 / 62","No","Yes"
"374","https://www.ebay.com.au/itm/186366192767","TOPEX Carpet and Upholstery Spot Cleaner Professional Stain Remover SpotWasher","spot cleaner","TXSC450600","186366192767","P1 - 1 / 70","No","Yes"
"375","https://www.ebay.com.au/itm/185998613136","TOPEX 1500W SDS PLUS Rotary Hammer Drill Havey Duty Impact Hammer","sds plus rotary hammer drill","TXRH15W104","185998613136","P1 - 3 / 62","No","Yes"
"376","https://www.ebay.com.au/itm/185998613136","TOPEX 1500W SDS PLUS Rotary Hammer Drill Havey Duty Impact Hammer","hammer sds plus drill rotary","TXRH15W104","185998613136","P1 - 4 / 62","No","Yes"
"377","https://www.ebay.com.au/itm/185998613136","TOPEX 1500W SDS PLUS Rotary Hammer Drill Havey Duty Impact Hammer","sds hammer chisel drill","TXRH15W104","185998613136","P1 - 14 / 62","No","Yes"
"378","https://www.ebay.com.au/itm/185998613136","TOPEX 1500W SDS PLUS Rotary Hammer Drill Havey Duty Impact Hammer","heavy duty hammer drill","TXRH15W104","185998613136","P1 - 4 / 62","No","Yes"
"379","https://www.ebay.com.au/itm/185998613136","TOPEX 1500W SDS PLUS Rotary Hammer Drill Havey Duty Impact Hammer","heavy duty sds drill","TXRH15W104","185998613136","P1 - 4 / 62","No","Yes"
"380","https://www.ebay.com.au/itm/185998613136","TOPEX 1500W SDS PLUS Rotary Hammer Drill Havey Duty Impact Hammer","electric sds hammer drill","TXRH15W104","185998613136","P1 - 4 / 62","No","Yes"
"381","https://www.ebay.com.au/itm/185872310541","KOZYARD 3-in-1 3000W Electric Leaf Blower Vacuum Mulcher Hand-Held Leaf Vac","leaf mulcher","KYLB3N1032","185872310541","P1 - 1 / 62","No","Yes"
"382","https://www.ebay.com.au/itm/185872310541","KOZYARD 3-in-1 3000W Electric Leaf Blower Vacuum Mulcher Hand-Held Leaf Vac","leaf vacuum","KYLB3N1032","185872310541","P1 - 4 / 62","No","Yes"
"383","https://www.ebay.com.au/itm/185872310541","KOZYARD 3-in-1 3000W Electric Leaf Blower Vacuum Mulcher Hand-Held Leaf Vac","blower vac","KYLB3N1032","185872310541","P1 - 24 / 62","No","No"
"384","https://www.ebay.com.au/itm/185872310541","KOZYARD 3-in-1 3000W Electric Leaf Blower Vacuum Mulcher Hand-Held Leaf Vac","leaf blower","KYLB3N1032","185872310541","P1 - 16 / 62","No","Yes"
"385","https://www.ebay.com.au/itm/185872310541","KOZYARD 3-in-1 3000W Electric Leaf Blower Vacuum Mulcher Hand-Held Leaf Vac","blower vac cordless","KYLB3N1032","185872310541","P1 - 30 / 62","No","No"
"386","https://www.ebay.com.au/itm/185872310541","KOZYARD 3-in-1 3000W Electric Leaf Blower Vacuum Mulcher Hand-Held Leaf Vac","electric blower vac","KYLB3N1032","185872310541","P1 - 17 / 62","No","Yes"
"387","https://www.ebay.com.au/itm/185030409613","12V Water Pump High Pressure Caravan Boat Self Priming Mirco Diaphragm","12volt water pump","TLWP12V101","185030409613","P1 - 2 / 62","No","Yes"
"388","https://www.ebay.com.au/itm/185030409613","12V Water Pump High Pressure Caravan Boat Self Priming Mirco Diaphragm","12 volt water pumps","TLWP12V101","185030409613","P1 - 1 / 62","No","Yes"
"389","https://www.ebay.com.au/itm/185030409613","12V Water Pump High Pressure Caravan Boat Self Priming Mirco Diaphragm","12v water pump self priming","TLWP12V101","185030409613","P1 - 9 / 62","No","Yes"
"390","https://www.ebay.com.au/itm/185030409613","12V Water Pump High Pressure Caravan Boat Self Priming Mirco Diaphragm","12v. water pump","TLWP12V101","185030409613","P1 - 4 / 62","No","Yes"
"391","https://www.ebay.com.au/itm/185026721472","TOPEX 20V Cordless Leaf Blower 200Km/h Garden Dust Lightweight Handheld Blower","mini leaf blower","TXCB20V121","185026721472","P1 - 14 / 62","No","Yes"
"392","https://www.ebay.com.au/itm/185725772967","Monika 5In1 Electric Stick Blender Handheld Mixer Chopper Stainless Steel Whisk","hand held electric mixer","MKSB700051","185725772967","P1 - 3 / 67","No","Yes"
"393","https://www.ebay.com.au/itm/185725772967","Monika 5In1 Electric Stick Blender Handheld Mixer Chopper Stainless Steel Whisk","electric mixer","MKSB700051","185725772967","P1 - 31 / 62","No","No"
"394","https://www.ebay.com.au/itm/185725772967","Monika 5In1 Electric Stick Blender Handheld Mixer Chopper Stainless Steel Whisk","stick blender","MKSB700051","185725772967","P1 - 2 / 62","No","Yes"
"395","https://www.ebay.com.au/itm/185650769515","MasterSpec 64pcs Tyre Puncture Repair Kit Heavy Duty 4WD Offroad Plugs Tubeless","car tyre puncture repair kit","MSTR64P081","185650769515","P1 - 4 / 62","No","Yes"
"396","https://www.ebay.com.au/itm/185650769515","MasterSpec 64pcs Tyre Puncture Repair Kit Heavy Duty 4WD Offroad Plugs Tubeless","car puncture repair kit","MSTR64P081","185650769515","P1 - 14 / 62","No","Yes"
"397","https://www.ebay.com.au/itm/185650769515","MasterSpec 64pcs Tyre Puncture Repair Kit Heavy Duty 4WD Offroad Plugs Tubeless","tire repair kit","MSTR64P081","185650769515","P1 - 14 / 62","No","Yes"
"398","https://www.ebay.com.au/itm/185650769515","MasterSpec 64pcs Tyre Puncture Repair Kit Heavy Duty 4WD Offroad Plugs Tubeless","tyre puncture repair kit","MSTR64P081","185650769515","P1 - 4 / 62","No","Yes"
"399","https://www.ebay.com.au/itm/185030235159","Outdoor Cantilever Umbrella Cover Garden Patio Parasol Sun/Rain/Dust Protection","umbrella cover","KYOUC265CM014","185030235159","P1 - 3 / 62","No","Yes"
"400","https://www.ebay.com.au/itm/185030235159","Outdoor Cantilever Umbrella Cover Garden Patio Parasol Sun/Rain/Dust Protection","outdoor umbrella covers","KYOUC265CM014","185030235159","P1 - 8 / 62","No","Yes"
"401","https://www.ebay.com.au/itm/185180081889","TOPEX Water Pump Submersible Sump Pump Water hose Swim Pool Flooding Pond Clean","water pump 240v","TXDP750W132","185180081889","P1 - 30 / 62","No","No"
"402","https://www.ebay.com.au/itm/185180081889","TOPEX Water Pump Submersible Sump Pump Water hose Swim Pool Flooding Pond Clean","submersible pump 240v","TXDP750W132","185180081889","P1 - 29 / 62","No","No"
"403","https://www.ebay.com.au/itm/185180081889","TOPEX Water Pump Submersible Sump Pump Water hose Swim Pool Flooding Pond Clean","submersable pump","TXDP750W132","185180081889","P1 - 2 / 62","No","Yes"
"404","https://www.ebay.com.au/itm/185180081889","TOPEX Water Pump Submersible Sump Pump Water hose Swim Pool Flooding Pond Clean","dirty water pump","TXDP750W132","185180081889","P1 - 4 / 62","No","Yes"
"405","https://www.ebay.com.au/itm/185180081889","TOPEX Water Pump Submersible Sump Pump Water hose Swim Pool Flooding Pond Clean","submersible pump","TXDP750W132","185180081889","P1 - 1 / 62","No","Yes"
"406","https://www.ebay.com.au/itm/185556494563","MasterSpec 1180pcs Tool Box Trolley Tool Set Portable Tool Kit DIY Hand Tool Set","hand tool set","MSHT1180P044","185556494563","P1 - 14 / 62","No","Yes"
"407","https://www.ebay.com.au/itm/185556494563","MasterSpec 1180pcs Tool Box Trolley Tool Set Portable Tool Kit DIY Hand Tool Set","tool box set","MSHT1180P044","185556494563","P1 - 2 / 62","No","Yes"
"408","https://www.ebay.com.au/itm/185556494563","MasterSpec 1180pcs Tool Box Trolley Tool Set Portable Tool Kit DIY Hand Tool Set","tool box","MSHT1180P044","185556494563","P1 - 15 / 62","No","Yes"
"409","https://www.ebay.com.au/itm/185556494563","MasterSpec 1180pcs Tool Box Trolley Tool Set Portable Tool Kit DIY Hand Tool Set","tool box kit","MSHT1180P044","185556494563","P1 - 3 / 62","No","Yes"
"410","https://www.ebay.com.au/itm/185556494563","MasterSpec 1180pcs Tool Box Trolley Tool Set Portable Tool Kit DIY Hand Tool Set","tool box with tools","MSHT1180P044","185556494563","P1 - 5 / 62","No","Yes"
"411","https://www.ebay.com.au/itm/185433273112","Fire Extinguisher 1kg Small Volume Discharge Hose High Pressure","fire extinguisher","FB10ABEH","185433273112","P1 - 2 / 62","No","Yes"
"412","https://www.ebay.com.au/itm/185433273112","Fire Extinguisher 1kg Small Volume Discharge Hose High Pressure","small fire extinguisher","FB10ABEH","185433273112","P1 - 2 / 62","No","Yes"
"413","https://www.ebay.com.au/itm/185433273112","Fire Extinguisher 1kg Small Volume Discharge Hose High Pressure","fire extinguisher","FB10ABEH","185433273112","P1 - 2 / 62","No","Yes"
"414","https://www.ebay.com.au/itm/185433279682","2.5KG High Pressure Dry Powder Fire Extinguisher","fire extinguisher","FB25ABE","185433279682","P1 - 26 / 62","No","No"
"415","https://www.ebay.com.au/itm/185433279682","2.5KG High Pressure Dry Powder Fire Extinguisher","2.5kg fire extinguisher","FB25ABE","185433279682","P1 - 3 / 61","No","Yes"
"416","https://www.ebay.com.au/itm/185026736832","1kg Fire Extinguisher ABE Professional Dry Chemical Powder w/ Bracket Car Boat","fire extinguisher","FB10ABE","185026736832","P1 - 4 / 62","No","Yes"
"417","https://www.ebay.com.au/itm/185026736832","1kg Fire Extinguisher ABE Professional Dry Chemical Powder w/ Bracket Car Boat","car fire extinguisher","FB10ABE","185026736832","P1 - 3 / 62","No","Yes"
"418","https://www.ebay.com.au/itm/185026736832","1kg Fire Extinguisher ABE Professional Dry Chemical Powder w/ Bracket Car Boat","fire extinguisher car","FB10ABE","185026736832","P1 - 2 / 62","No","Yes"
"419","https://www.ebay.com.au/itm/185026736832","1kg Fire Extinguisher ABE Professional Dry Chemical Powder w/ Bracket Car Boat","fire extinguisher","FB10ABE","185026736832","P1 - 4 / 62","No","Yes"
"420","https://www.ebay.com.au/itm/185374333818","50-400pcs 125mm 5"" Professional Cutting Wheels Discs 2 in1 Steel Inox Ultra Thin","cutting wheels","TXCTD125M022","185374333818","P1 - 18 / 62","No","Yes"
"421","https://www.ebay.com.au/itm/185290548827","160PCS Heavy Duty Nut Rivet Riveter Rivnut Nutsert Gun Riveting Kit Thread M3-12","nutsert kit","TXRNG110P082","185290548827","P1 - 2 / 62","No","Yes"
"422","https://www.ebay.com.au/itm/185290548827","160PCS Heavy Duty Nut Rivet Riveter Rivnut Nutsert Gun Riveting Kit Thread M3-12","nutsert tool","TXRNG110P082","185290548827","P1 - 4 / 62","No","Yes"
"423","https://www.ebay.com.au/itm/185290548827","160PCS Heavy Duty Nut Rivet Riveter Rivnut Nutsert Gun Riveting Kit Thread M3-12","rivet nut gun","TXRNG110P082","185290548827","P1 - 2 / 62","No","Yes"
"424","https://www.ebay.com.au/itm/185324376993","No","glass engraver","TXEE13W095","185324376993","No","No"
"425","https://www.ebay.com.au/itm/185324376993","No","engraver tool","TXEE13W095","185324376993","No","No"
"426","https://www.ebay.com.au/itm/185324376993","No","electric engraver","TXEE13W095","185324376993","No","No"
"427","https://www.ebay.com.au/itm/185324376993","No","electric engraving pen","TXEE13W095","185324376993","No","No"
"428","https://www.ebay.com.au/itm/185324376993","No","engraver pen","TXEE13W095","185324376993","No","No"
"429","https://www.ebay.com.au/itm/185324376993","No","metal engraving tool","TXEE13W095","185324376993","No","No"
"430","https://www.ebay.com.au/itm/185324376993","No","metal engraving","TXEE13W095","185324376993","No","No"
"431","https://www.ebay.com.au/itm/185030235159","Outdoor Cantilever Umbrella Cover Garden Patio Parasol Sun/Rain/Dust Protection","cantilever umbrella cover","KYOUC265CM014","185030235159","P1 - 3 / 62","No","Yes"
"432","https://www.ebay.com.au/itm/185030235159","Outdoor Cantilever Umbrella Cover Garden Patio Parasol Sun/Rain/Dust Protection","market umbrella cover","KYOUC265CM014","185030235159","P1 - 3 / 62","No","Yes"
"433","https://www.ebay.com.au/itm/185030235159","Outdoor Cantilever Umbrella Cover Garden Patio Parasol Sun/Rain/Dust Protection","pool umbrella cover","KYOUC265CM014","185030235159","P1 - 3 / 62","No","Yes"
"434","https://www.ebay.com.au/itm/185294655112","KOZYARD Waterproof Patio Chair Cover Lounge Deep Seat Single Lawn Chair Cover","patio chair cover","KYCC077CM016","185294655112","P1 - 26 / 62","No","No"
"435","https://www.ebay.com.au/itm/185294655112","No","waterproof outdoor furniture cover","KYCC077CM016","185294655112","No","No"
"436","https://www.ebay.com.au/itm/185294655112","No","outdoor furniture cover","KYCC077CM016","185294655112","No","No"
"437","https://www.ebay.com.au/itm/185556494563","MasterSpec 1180pcs Tool Box Trolley Tool Set Portable Tool Kit DIY Hand Tool Set","tool set kit","MSHT1180P044","185556494563","P1 - 7 / 62","No","Yes"
"438","https://www.ebay.com.au/itm/185556494563","MasterSpec 1180pcs Tool Box Trolley Tool Set Portable Tool Kit DIY Hand Tool Set","tool set box","MSHT1180P044","185556494563","P1 - 4 / 62","No","Yes"
"439","https://www.ebay.com.au/itm/185556494563","MasterSpec 1180pcs Tool Box Trolley Tool Set Portable Tool Kit DIY Hand Tool Set","tool kit","MSHT1180P044","185556494563","P1 - 3 / 62","No","Yes"
"440","https://www.ebay.com.au/itm/185285029575","Fire Emergency Kit 1kg Fire Extinguisher ABE Fire Blanket 1x1m for Home Office","fire extinguisher","FB10X10RED10ABE","185285029575","P1 - 1 / 62","No","Yes"
"441","https://www.ebay.com.au/itm/185285029575","Fire Emergency Kit 1kg Fire Extinguisher ABE Fire Blanket 1x1m for Home Office","fire blanket","FB10X10RED10ABE","185285029575","P1 - 4 / 62","No","Yes"
"442","https://www.ebay.com.au/itm/185285029575","Fire Emergency Kit 1kg Fire Extinguisher ABE Fire Blanket 1x1m for Home Office","car fire extinguisher","FB10X10RED10ABE","185285029575","P1 - 2 / 62","No","Yes"
"443","https://www.ebay.com.au/itm/185285029575","No","fire extinguisher car","FB10X10RED10ABE","185285029575","No","No"
"444","https://www.ebay.com.au/itm/185285029575","Fire Emergency Kit 1kg Fire Extinguisher ABE Fire Blanket 1x1m for Home Office","fire blanket","FB10X10RED10ABE","185285029575","P1 - 4 / 62","No","Yes"
"445","https://www.ebay.com.au/itm/185285029575","Fire Emergency Kit 1kg Fire Extinguisher ABE Fire Blanket 1x1m for Home Office","fire extinguisher","FB10X10RED10ABE","185285029575","P1 - 1 / 62","No","Yes"
"446","https://www.ebay.com.au/itm/185051227954","Fire Emergency Kit 1kg ABE Fire Extinguisher Fire Blanket 1x1m First Aid Kit","fire blanket","FANCP30FB10X10RED10ABE","185051227954","P1 - 2 / 62","No","Yes"
"447","https://www.ebay.com.au/itm/185051227954","Fire Emergency Kit 1kg ABE Fire Extinguisher Fire Blanket 1x1m First Aid Kit","fire extinguisher","FANCP30FB10X10RED10ABE","185051227954","P1 - 16 / 62","No","Yes"
"448","https://www.ebay.com.au/itm/185051227954","No","first aid kit","FANCP30FB10X10RED10ABE","185051227954","No","No"
"449","https://www.ebay.com.au/itm/185026756307","Fire Extinguisher ABE Professional Dry Chemical Powder w/ Bracket Car Boat 1kg","fire extinguisher","RED10ABE","185026756307","P1 - 6 / 62","No","Yes"
