"Link of the Product","SKU","CampaignID","CampaignName","Keywords","Keywords Type","Current Bid","Adjust Bid","Ads Rank","Target Row Or Not","Max Bid"
"https://www.ebay.com.au/itm/187196293335","TXRTB48704","110865958013","TX704","tool bag","PHRASE","0.5",,"P1 - 4/72","True","2.4"
"https://www.ebay.com.au/itm/187196293335","TXRTB48704","110865958013","TX704","tool bag","EXACT","0.85",,"P1 - 4/72","True","2.4"
"https://www.ebay.com.au/itm/187196293335","TXRTB48704","110865958013","TX704","tool tote","EXACT","0.39",,"P1 - 2/72","True","2.4"
"https://www.ebay.com.au/itm/187196293335","TXRTB48704","110865958013","TX704","tool bag heavy duty","EXACT","1.59",,"P1 - 3/72","True","2.4"
"https://www.ebay.com.au/itm/187196293335","TXRTB48704","110865958013","TX704","tool bag with wheels","EXACT","0.9",,"P1 - 1/72","True","2.4"
"https://www.ebay.com.au/itm/187031698820","TXFCK4V264","87669913013","TX264","foam cutter","EXACT","0.38",,"P1 - 10/72","True","1.77"
"https://www.ebay.com.au/itm/187031698820","TXFCK4V264","87669913013","TX264","foam cutter","PHRASE","0.32",,"P1 - 10/72","True","1.77"
"https://www.ebay.com.au/itm/187031698820","TXFCK4V264","87669913013","TX264","styrofoam cutter","EXACT","0.42",,"P1 - 4/72","True","1.77"
"https://www.ebay.com.au/itm/187031698820","TXFCK4V264","87669913013","TX264","hot knife foam cutter","EXACT","0.82","0.92","N/A","True","1.77"
"https://www.ebay.com.au/itm/187031698820","TXFCK4V264","87669913013","TX264","hot wire foam cutter","EXACT","0.58",,"P1 - 14/68","True","1.77"
"https://www.ebay.com.au/itm/187018319975","KYOFC213CM013-Brown","85517261013","KY013-Brown","outdoor furniture cover","EXACT","0.7","0.8","N/A","True","1.05"
"https://www.ebay.com.au/itm/187018319975","KYOFC213CM013-Brown","85517261013","KY013-Brown","outdoor furniture cover","PHRASE","0.6",,"N/A","True","1.05"
"https://www.ebay.com.au/itm/187018319975","KYOFC213CM013-Brown","85517261013","KY013-Brown","waterproof outdoor furniture cover","EXACT","0.62","0.72","N/A","True","1.05"
"https://www.ebay.com.au/itm/187018319975","KYOFC213CM013-Brown","85517261013","KY013-Brown","heavy duty outdoor furniture cover","EXACT","0.31",,,"True",
"https://www.ebay.com.au/itm/187018319975","KYOFC213CM013-Brown","85517261013","KY013-Brown","square outdoor furniture covers waterproof","EXACT","0.91",,,"True",
"https://www.ebay.com.au/itm/187018319975","KYOFC213CM013-Brown","85517261013","KY013-Brown","outdoor furniture cover square","EXACT","0.91",,,"True",
"https://www.ebay.com.au/itm/186952636254","SLEO12P221",,"SL221","essential oils","EXACT","0.5",,,"True",
"https://www.ebay.com.au/itm/186952636254","SLEO12P221",,"SL221","essential oils","PHRASE","0.32",,,"True",
"https://www.ebay.com.au/itm/186952636254","SLEO12P221",,"SL221","essential oils set","EXACT","0.81",,,"True",
"https://www.ebay.com.au/itm/186952636254","SLEO12P221",,"SL221","diffuser oils","EXACT","0.5",,,"True",
"https://www.ebay.com.au/itm/186952631532","SLODEOS222",,"SL222","diffuser","EXACT","0.6",,,"True",
"https://www.ebay.com.au/itm/186952631532","SLODEOS222",,"SL222","diffuser","PHRASE","0.35",,,"True",
"https://www.ebay.com.au/itm/186952631532","SLODEOS222",,"SL222","oil diffuser","EXACT","0.6",,,"True",
"https://www.ebay.com.au/itm/186952629545","SLOD02L220",,"SL220","diffuser","PHRASE","0.5",,,"True",
"https://www.ebay.com.au/itm/186952629545","SLOD02L220",,"SL220","essential oil diffuser","EXACT","0.5",,,"True",
"https://www.ebay.com.au/itm/186952626613","SLAGS2P410",,"SL410","salt and pepper grinders","EXACT","0.91",,,"True",
"https://www.ebay.com.au/itm/186952626613","SLAGS2P410",,"SL410","salt and pepper grinders","PHRASE","0.25",,,"True",
"https://www.ebay.com.au/itm/186952626613","SLAGS2P410",,"SL410","pepper mill","EXACT","0.91",,,"True",
"https://www.ebay.com.au/itm/186952626613","SLAGS2P410",,"SL410","electric coffee grinder","EXACT","0.5",,,"True",
"https://www.ebay.com.au/itm/186952626613","SLAGS2P410",,"SL410","salt and pepper","EXACT","1.2",,,"True",
"https://www.ebay.com.au/itm/186952626613","SLAGS2P410",,"SL410","electric salt and pepper grinders","EXACT","0.84",,,"True",
"https://www.ebay.com.au/itm/186952626613","SLAGS2P410",,"SL410","salt and pepper grinders electric","EXACT","0.49",,,"True",
"https://www.ebay.com.au/itm/186890399337","TXHDTBP703",,"TX703","tool bag","PHRASE","0.5",,,"True",
"https://www.ebay.com.au/itm/186890399337","TXHDTBP703",,"TX703","tool bag backpack","EXACT","0.64",,,"True",
"https://www.ebay.com.au/itm/186890399337","TXHDTBP703",,"TX703","backpack tool bag","EXACT","0.64",,,"True",
"https://www.ebay.com.au/itm/186890399319","TXTB16H702",,"TX702","tool bag","PHRASE","0.5",,,"True",
"https://www.ebay.com.au/itm/186890399319","TXTB16H702",,"TX702","tool tote","EXACT","0.54",,,"True",
"https://www.ebay.com.au/itm/186890399319","TXTB16H702",,"TX702","electrician tool bag","EXACT","0.56",,,"True",
"https://www.ebay.com.au/itm/186890399319","TXTB16H702",,"TX702","tool tote bag","EXACT","0.5",,,"True",
"https://www.ebay.com.au/itm/186890399319","TXTB16H702",,"TX702","tool bag heavy duty","EXACT","0.57",,,"True",
"https://www.ebay.com.au/itm/186890399319","TXTB16H702",,"TX702","tool bag tote","EXACT","0.64",,,"True",
"https://www.ebay.com.au/itm/186890399319","TXTB16H702",,"TX702","open top tool bag","EXACT","0.64",,,"True",
"https://www.ebay.com.au/itm/186890399319","TXTB16H702",,"TX702","tote tool bag","EXACT","0.64",,,"True",
"https://www.ebay.com.au/itm/186890399319","TXTB16H702",,"TX702","heavy duty tool bag","EXACT","0.75",,,"True",
"https://www.ebay.com.au/itm/186890399308","TXTB24N701",,"TX701","tool bag","PHRASE","0.5",,,"True",
"https://www.ebay.com.au/itm/186890399308","TXTB24N701",,"TX701","tool tote","EXACT","0.44",,,"True",
"https://www.ebay.com.au/itm/186890399308","TXTB24N701",,"TX701","electrician tool bag","EXACT","0.59",,,"True",
"https://www.ebay.com.au/itm/186890399308","TXTB24N701",,"TX701","tool tote bag","EXACT","0.4",,,"True",
"https://www.ebay.com.au/itm/186890399308","TXTB24N701",,"TX701","tool bag","EXACT","1.2",,,"True",
"https://www.ebay.com.au/itm/186854942746","SLGC10P107",,"SL107","glass containers with lids","EXACT","0.34",,,"True",
"https://www.ebay.com.au/itm/186854942746","SLGC10P107",,"SL107","glass food storage containers","EXACT","0.4",,,"True",
"https://www.ebay.com.au/itm/186854942746","SLGC10P107",,"SL107","glass meal prep containers","EXACT","0.33",,,"True",
"https://www.ebay.com.au/itm/186854942746","SLGC10P107",,"SL107","meal prep containers","EXACT","0.28",,,"True",
"https://www.ebay.com.au/itm/186854942746","SLGC10P107",,"SL107","glass containers","EXACT","0.38",,,"True",
"https://www.ebay.com.au/itm/186854942746","SLGC10P107",,"SL107","food containers","EXACT","1.46",,,"True",
"https://www.ebay.com.au/itm/186854942746","SLGC10P107",,"SL107","glass food containers","EXACT","0.65",,,"True",
"https://www.ebay.com.au/itm/186850688517","SLAH25L210",,"SL210","humidifier","PHRASE","0.22",,,"True",
"https://www.ebay.com.au/itm/186850688517","SLAH25L210",,"SL210","aroma diffuser","PHRASE","0.34",,,"True",
"https://www.ebay.com.au/itm/186850688517","SLAH25L210",,"SL210","essential oil diffuser","EXACT","1.54",,,"True",
"https://www.ebay.com.au/itm/186850688517","SLAH25L210",,"SL210","cool mist humidifier","EXACT","1.4",,,"True",
"https://www.ebay.com.au/itm/186850688517","SLAH25L210",,"SL210","humidifier","EXACT","1.55",,,"True",
"https://www.ebay.com.au/itm/186850688517","SLAH25L210",,"SL210","air humidifier","EXACT","1.2",,,"True",
"https://www.ebay.com.au/itm/186850688410","SLPT11N130",,"SL130","paper towel holder","PHRASE","0.59",,,"True",
"https://www.ebay.com.au/itm/186850688410","SLPT11N130",,"SL130","tear towel holder","PHRASE","0.3",,,"True",
"https://www.ebay.com.au/itm/186850688410","SLPT11N130",,"SL130","kitchen roll holder","EXACT","0.9",,,"True",
"https://www.ebay.com.au/itm/186850688361","SLAP10W202",,"SL202","air purifier","PHRASE","0.2",,,"True",
"https://www.ebay.com.au/itm/186850688361","SLAP10W202",,"SL202","air purifier","EXACT","1.4",,,"True",
"https://www.ebay.com.au/itm/186850688361","SLAP10W202",,"SL202","air purifiers for the home","EXACT","0.31",,,"True",
"https://www.ebay.com.au/itm/186850688361","SLAP10W202",,"SL202","air purifier home","EXACT","1.8",,,"True",
"https://www.ebay.com.au/itm/186850688361","SLAP10W202",,"SL202","air purifier hepa","EXACT","1.1",,,"True",
"https://www.ebay.com.au/itm/186850688361","SLAP10W202",,"SL202","hepa air purifier","EXACT","0.32",,,"True",
"https://www.ebay.com.au/itm/186850688361","SLAP10W202",,"SL202","air purifiers for the bedroom","EXACT","0.4",,,"True",
"https://www.ebay.com.au/itm/186826151170","TX526",,"TX526","reciprocating saw","PHRASE","1.83",,,"True",
"https://www.ebay.com.au/itm/186826151170","TX526",,"TX526","reciprocating saw blades metal","EXACT","0.3",,,"True",
"https://www.ebay.com.au/itm/186826151170","TX526",,"TX526","reciprocating saw","EXACT","1.6",,,"True",
"https://www.ebay.com.au/itm/186790415920","SLJL1KW500",,"SL500","commercial blender","EXACT","0.99",,,"True",
"https://www.ebay.com.au/itm/186790415920","SLJL1KW500",,"SL500","smoothie blender","EXACT","0.91",,,"True",
"https://www.ebay.com.au/itm/186790415920","SLJL1KW500",,"SL500","juicer blender","EXACT","0.76",,,"True",
"https://www.ebay.com.au/itm/186790415920","SLJL1KW500",,"SL500","blender smoothie","EXACT","1",,,"True",
"https://www.ebay.com.au/itm/186790415920","SLJL1KW500",,"SL500","bullet blender","EXACT","0.3",,,"True",
"https://www.ebay.com.au/itm/186790415920","SLJL1KW500",,"SL500","fruit blender","EXACT","0.48",,,"True",
"https://www.ebay.com.au/itm/186790415920","SLJL1KW500",,"SL500","electric blender","EXACT","1.3",,,"True",
"https://www.ebay.com.au/itm/186784286110","TXTI12V010",,"TX010","tyre inflator","PHRASE","0.55",,,"True",
"https://www.ebay.com.au/itm/186784286110","TXTI12V010",,"TX010","portable air compressor","EXACT","2.1",,,"True",
"https://www.ebay.com.au/itm/186784286110","TXTI12V010",,"TX010","12v air compressor","EXACT","0.98",,,"True",
"https://www.ebay.com.au/itm/186784286110","TXTI12V010",,"TX010","air pump for car","EXACT","1.75",,,"True",
"https://www.ebay.com.au/itm/186784286110","TXTI12V010",,"TX010","air compressor 12v","EXACT","0.77",,,"True",
"https://www.ebay.com.au/itm/186784286110","TXTI12V010",,"TX010","air compressor tyre inflator","EXACT","0.55",,,"True",
"https://www.ebay.com.au/itm/186784286110","TXTI12V010",,"TX010","portable tyre inflator","EXACT","1.75",,,"True",
"https://www.ebay.com.au/itm/186784286110","TXTI12V010",,"TX010","car tyre inflator","EXACT","0.3",,,"True",
"https://www.ebay.com.au/itm/186784352636","TXBC10A460-10A",,"TX460-10A","car battery charger","EXACT","0.35",,,"True",
"https://www.ebay.com.au/itm/186784352636","TXBC10A460-10A",,"TX460-10A","12v battery charger","EXACT","0.35",,,"True",
"https://www.ebay.com.au/itm/186784352636","TXBC10A460-10A",,"TX460-10A","lithium battery charger 12v","EXACT","0.35",,,"True",
"https://www.ebay.com.au/itm/186784352636","TXBC10A460-10A",,"TX460-10A","motorcycle battery charger","EXACT","0.35",,,"True",
"https://www.ebay.com.au/itm/186784352636","TXBC10A460-10A",,"TX460-10A","smart battery charger","EXACT","0.35",,,"True",
"https://www.ebay.com.au/itm/186784352636","TXBC10A460-10A",,"TX460-10A","battery charger","EXACT","0.35",,,"True",
"https://www.ebay.com.au/itm/186784439614","TXDS20V312",,"TX312","cordless sander","PHRASE","0.8",,,"True",
"https://www.ebay.com.au/itm/186784439614","TXDS20V312",,"TX312","cordless detail sander","PHRASE","1.13",,,"True",
"https://www.ebay.com.au/itm/186784439614","TXDS20V312",,"TX312","mouse sander","EXACT","1.3",,,"True",
"https://www.ebay.com.au/itm/186784439614","TXDS20V312",,"TX312","cordless sander","EXACT","1.36",,,"True",
"https://www.ebay.com.au/itm/186784439614","TXDS20V312",,"TX312","palm sander","EXACT","0.44",,,"True",
"https://www.ebay.com.au/itm/186784439614","TXDS20V312",,"TX312","sander","EXACT","1.2",,,"True",
"https://www.ebay.com.au/itm/186704238905","TXMK2PC059",,"TX059","multitool pliers","PHRASE","0.3",,,"True",
"https://www.ebay.com.au/itm/186704238905","TXMK2PC059",,"TX059","folding knife","PHRASE","1.27",,,"True",
"https://www.ebay.com.au/itm/186704238905","TXMK2PC059",,"TX059","pocket knife","EXACT","1.17",,,"True",
"https://www.ebay.com.au/itm/186704238905","TXMK2PC059",,"TX059","multi tool","EXACT","0.57",,,"True",
"https://www.ebay.com.au/itm/186704227004","SLSC450301",,"SL301","lumbar cushion","EXACT","0.37",,,"True",
"https://www.ebay.com.au/itm/186704227004","SLSC450301",,"SL301","lumbar support car","EXACT","0.32",,,"True",
"https://www.ebay.com.au/itm/186704227004","SLSC450301",,"SL301","car lumbar back support pillow","EXACT","0.3",,,"True",
"https://www.ebay.com.au/itm/186704227004","SLSC450301",,"SL301","car back cushion","EXACT","0.8",,,"True",
"https://www.ebay.com.au/itm/186704227004","SLSC450301",,"SL301","lumbar support cushion","EXACT","0.32",,,"True",
"https://www.ebay.com.au/itm/186704227004","SLSC450301",,"SL301","lumbar support pillow","EXACT","0.68",,,"True",
"https://www.ebay.com.au/itm/186704227004","SLSC450301",,"SL301","back support cushion","EXACT","0.8",,,"True",
"https://www.ebay.com.au/itm/186704227004","SLSC450301",,"SL301","back support pillow","PHRASE","1.35",,,"True",
"https://www.ebay.com.au/itm/186704227004","SLSC450301",,"SL301","ergonomic back cushion","PHRASE","0.4",,,"True",
"https://www.ebay.com.au/itm/186704217410","SLFC460300",,"SL300","butt support pillow","EXACT","0.3",,,"True",
"https://www.ebay.com.au/itm/186704217410","SLFC460300",,"SL300","car seat cushion","EXACT","0.69",,,"True",
"https://www.ebay.com.au/itm/186704217410","SLFC460300",,"SL300","foam seat cushion","EXACT","1.2",,,"True",
"https://www.ebay.com.au/itm/186704217410","SLFC460300",,"SL300","memory foam seat","EXACT","1.2",,,"True",
"https://www.ebay.com.au/itm/186704217410","SLFC460300",,"SL300","memory foam cushion","EXACT","1.2",,,"True",
"https://www.ebay.com.au/itm/186704217410","SLFC460300",,"SL300","memory foam seat cushion","EXACT","1.12",,,"True",
"https://www.ebay.com.au/itm/186704217410","SLFC460300",,"SL300","foam seat pad","EXACT","1.03",,,"True",
"https://www.ebay.com.au/itm/186704217410","SLFC460300",,"SL300","car seat cushion memory foam","EXACT","1.05",,,"True",
"https://www.ebay.com.au/itm/186704217410","SLFC460300",,"SL300","butt pillow","EXACT","0.3",,,"True",
"https://www.ebay.com.au/itm/186621342953","MSSU150092",,"MS092","warehouse rack","PHRASE","1.5",,,"True",
"https://www.ebay.com.au/itm/186621342953","MSSU150092",,"MS092","pallet racking","PHRASE","0.43",,,"True",
"https://www.ebay.com.au/itm/186621342953","MSSU150092",,"MS092","garage shelving","PHRASE","0.2",,,"True",
"https://www.ebay.com.au/itm/186621342953","MSSU150092",,"MS092","garage shelf","EXACT","0.93",,,"True",
"https://www.ebay.com.au/itm/186621342953","MSSU150092",,"MS092","garage shelving","EXACT","0.2",,,"True",
"https://www.ebay.com.au/itm/186557919534","SLPR8TR111",,"SL111","hanging pot rack","EXACT","0.28",,,"True",
"https://www.ebay.com.au/itm/186557919534","SLPR8TR111",,"SL111","pot and pan organizer","EXACT","0.3",,,"True",
"https://www.ebay.com.au/itm/186557919534","SLPR8TR111",,"SL111","pan organizer","EXACT","0.3",,,"True",
"https://www.ebay.com.au/itm/186557919534","SLPR8TR111",,"SL111","pan rack","PHRASE","0.3",,,"True",
"https://www.ebay.com.au/itm/186557919534","SLPR8TR111",,"SL111","pot rack","PHRASE","0.52",,,"True",
"https://www.ebay.com.au/itm/186557922091","SLDR2LY110",,"SL110","dish drainer drying rack","EXACT","0.46",,,"True",
"https://www.ebay.com.au/itm/186557922091","SLDR2LY110",,"SL110","dish rack drainer tray","EXACT","0.59",,,"True",
"https://www.ebay.com.au/itm/186557922091","SLDR2LY110",,"SL110","2 tier dish drainer","EXACT","0.4",,,"True",
"https://www.ebay.com.au/itm/186557922091","SLDR2LY110",,"SL110","drying rack dishes","EXACT","0.42",,,"True",
"https://www.ebay.com.au/itm/186557922091","SLDR2LY110",,"SL110","dish storage rack","EXACT","0.75",,,"True",
"https://www.ebay.com.au/itm/186557922091","SLDR2LY110",,"SL110","2 tier dish drying rack","EXACT","0.3",,,"True",
"https://www.ebay.com.au/itm/186557922091","SLDR2LY110",,"SL110","dish drainer with tray","EXACT","0.97",,,"True",
"https://www.ebay.com.au/itm/186441058466","MKSSBMI101",,"MK101","body composition scale","EXACT","0.86",,,"True",
"https://www.ebay.com.au/itm/186441058466","MKSSBMI101",,"MK101","weight scale for body","EXACT","0.7",,,"True",
"https://www.ebay.com.au/itm/186441058466","MKSSBMI101",,"MK101","body scale","EXACT","0.25",,,"True",
"https://www.ebay.com.au/itm/186441058466","MKSSBMI101",,"MK101","smart scale","EXACT","0.25",,,"True",
"https://www.ebay.com.au/itm/186441058466","MKSSBMI101",,"MK101","smart scale","PHRASE","0.25",,,"True",
"https://www.ebay.com.au/itm/186441058466","MKSSBMI101",,"MK101","bluetooth scale","EXACT","1.08",,,"True",
"https://www.ebay.com.au/itm/186441058466","MKSSBMI101",,"MK101","fat scale","EXACT","1.14",,,"True",
"https://www.ebay.com.au/itm/186441058466","MKSSBMI101",,"MK101","bathroom scale","PHRASE","0.2",,,"True",
"https://www.ebay.com.au/itm/186430533986","TXAK38P058",,"TX058","allen key set","PHRASE","0.2",,,"True",
"https://www.ebay.com.au/itm/186430533986","TXAK38P058",,"TX058","hex key","EXACT","0.25",,,"True",
"https://www.ebay.com.au/itm/186430533986","TXAK38P058",,"TX058","allen wrench set","EXACT","0.25",,,"True",
"https://www.ebay.com.au/itm/186430533986","TXAK38P058",,"TX058","allen key","EXACT","0.25",,,"True",
"https://www.ebay.com.au/itm/186430533986","TXAK38P058",,"TX058","allen key set","EXACT","0.86",,,"True",
"https://www.ebay.com.au/itm/186430533986","TXAK38P058",,"TX058","hex key set","EXACT","0.23",,,"True",
"https://www.ebay.com.au/itm/186430511238","TXND16S255",,"TX255","nut driver set","PHRASE","0.55",,,"True",
"https://www.ebay.com.au/itm/186430511238","TXND16S255",,"TX255","magnetic nut driver set","PHRASE","0.5",,,"True",
"https://www.ebay.com.au/itm/186430511238","TXND16S255",,"TX255","impact nut driver set","PHRASE","0.3",,,"True",
"https://www.ebay.com.au/itm/186430511238","TXND16S255",,"TX255","magnetic socket","PHRASE","0.28",,,"True",
"https://www.ebay.com.au/itm/186430602097","TXSA13S254",,"TX254","socket set","PHRASE","0.2",,,"True",
"https://www.ebay.com.au/itm/186430602097","TXSA13S254",,"TX254","1/4 drive socket set","PHRASE","0.9",,,"True",
"https://www.ebay.com.au/itm/186430602097","TXSA13S254",,"TX254","socket adapter set","PHRASE","0.25",,,"True",
"https://www.ebay.com.au/itm/186430602097","TXSA13S254",,"TX254","socket extension set","EXACT","0.25",,,"True",
"https://www.ebay.com.au/itm/186430602097","TXSA13S254",,"TX254","socket adaptor","PHRASE","0.22",,,"True",
"https://www.ebay.com.au/itm/186430602097","TXSA13S254",,"TX254","impact nut driver","PHRASE","0.7",,,"True",
"https://www.ebay.com.au/itm/186430602097","TXSA13S254",,"TX254","socket set","EXACT","0.2",,,"True",
"https://www.ebay.com.au/itm/186430602097","TXSA13S254",,"TX254","drill socket adapter","EXACT","0.67",,,"True",
"https://www.ebay.com.au/itm/186400088441","TXRW12V232",,"TX232","cordless ratchet wrench","PHRASE","0.2",,,"True",
"https://www.ebay.com.au/itm/186400088441","TXRW12V232",,"TX232","1/4"" cordless ratchet","EXACT","0.4",,,"True",
"https://www.ebay.com.au/itm/186400088441","TXRW12V232",,"TX232","cordless ratchet","EXACT","0.6",,,"True",
"https://www.ebay.com.au/itm/186400088441","TXRW12V232",,"TX232","cordless electric ratchet wrench","EXACT","0.41",,,"True",
"https://www.ebay.com.au/itm/186400088441","TXRW12V232",,"TX232","cordless ratchet wrench","EXACT","0.3",,,"True",
"https://www.ebay.com.au/itm/186400077011","TXIW12V230",,"TX230","impact wrench brushless","PHRASE","1.5",,,"True",
"https://www.ebay.com.au/itm/186400077011","TXIW12V230",,"TX230","cordless impact wrench","EXACT","1.5",,,"True",
"https://www.ebay.com.au/itm/186400077011","TXIW12V230",,"TX230","3/8 impact wrench","EXACT","1.2",,,"True",
"https://www.ebay.com.au/itm/186400077011","TXIW12V230",,"TX230","12 volt impact wrench","EXACT","1.25",,,"True",
"https://www.ebay.com.au/itm/186400077011","TXIW12V230",,"TX230","3/8 cordless impact wrench","EXACT","1.65",,,"True",
"https://www.ebay.com.au/itm/186400077011","TXIW12V230",,"TX230","impact wrench cordless","EXACT","1.31",,,"True",
"https://www.ebay.com.au/itm/186400102039","TXBG120099",,"TX099","bench grinder","PHRASE","0.2",,,"True",
"https://www.ebay.com.au/itm/186400102039","TXBG120099",,"TX099","bench grinder machine","PHRASE","0.3",,,"True",
"https://www.ebay.com.au/itm/186400102039","TXBG120099",,"TX099","bench grinder polisher","PHRASE","0.23",,,"True",
"https://www.ebay.com.au/itm/186400102039","TXBG120099",,"TX099","bench grinder","EXACT","0.27",,,"True",
"https://www.ebay.com.au/itm/186400102039","TXBG120099",,"TX099","200mm bench grinder","EXACT","0.3",,,"True",
"https://www.ebay.com.au/itm/186400102039","TXBG120099",,"TX099","mini bench grinder","EXACT","0.3",,,"True",
"https://www.ebay.com.au/itm/186400059405","TXES3N1098",,"TX098","random orbital sander","PHRASE","1.42",,,"True",
"https://www.ebay.com.au/itm/186400059405","TXES3N1098",,"TX098","sander electric","PHRASE","1.4",,,"True",
"https://www.ebay.com.au/itm/186400059405","TXES3N1098",,"TX098","orbital sander","PHRASE","0.65",,,"True",
"https://www.ebay.com.au/itm/186400059405","TXES3N1098",,"TX098","sander","PHRASE","0.3",,,"True",
"https://www.ebay.com.au/itm/186400059405","TXES3N1098",,"TX098","sander","EXACT","0.4",,,"True",
"https://www.ebay.com.au/itm/186400059405","TXES3N1098",,"TX098","electric sander","EXACT","1",,,"True",
"https://www.ebay.com.au/itm/186400059405","TXES3N1098",,"TX098","mouse sander","EXACT","0.77",,,"True",
"https://www.ebay.com.au/itm/186400059405","TXES3N1098",,"TX098","electric detail sander","EXACT","1.7",,,"True",
"https://www.ebay.com.au/itm/186400059405","TXES3N1098",,"TX098","detail sander","EXACT","0.77",,,"True",
"https://www.ebay.com.au/itm/185487539412","MK012MK014",,"MK012MK014","hand tool sets","PHRASE","0.72",,,"True",
"https://www.ebay.com.au/itm/185487539412","MK012MK014",,"MK012MK014","pink tool kit","PHRASE","0.3",,,"True",
"https://www.ebay.com.au/itm/185296205249","MK001MK002",,"MK001MK002","cordless screwdriver","PHRASE","0.69",,,"True",
"https://www.ebay.com.au/itm/185296205249","MK001MK002",,"MK001MK002","cordless drill pink","EXACT","0.59",,,"True",
"https://www.ebay.com.au/itm/185296205249","MK001MK002",,"MK001MK002","lady cordless drill","EXACT","1.29",,,"True",
"https://www.ebay.com.au/itm/185296205249","MK001MK002",,"MK001MK002","power tools pink","EXACT","0.3",,,"True",
"https://www.ebay.com.au/itm/186366192767","TXSC450600",,"TX600","upholstery cleaner","PHRASE","0.28",,,"True",
"https://www.ebay.com.au/itm/186366192767","TXSC450600",,"TX600","spot cleaner","PHRASE","0.22",,,"True",
"https://www.ebay.com.au/itm/186366192767","TXSC450600",,"TX600","carpet cleaner","PHRASE","0.24",,,"True",
"https://www.ebay.com.au/itm/186366192767","TXSC450600",,"TX600","carpet spot cleaner","PHRASE","1.5",,,"True",
"https://www.ebay.com.au/itm/186366192767","TXSC450600",,"TX600","carpet cleaner","EXACT","1.35",,,"True",
"https://www.ebay.com.au/itm/186366192767","TXSC450600",,"TX600","upholstery cleaner","EXACT","1.25",,,"True",
"https://www.ebay.com.au/itm/186366192767","TXSC450600",,"TX600","carpet and upholstery cleaner","EXACT","0.8",,,"True",
"https://www.ebay.com.au/itm/186364708135","TXMS65W390",,"TX390","electric drill bit sharpener","PHRASE","0.85",,,"True",
"https://www.ebay.com.au/itm/186364708135","TXMS65W390",,"TX390","drill sharpener","PHRASE","0.39",,,"True",
"https://www.ebay.com.au/itm/186364708135","TXMS65W390",,"TX390","multifunction sharpener","PHRASE","0.3",,,"True",
"https://www.ebay.com.au/itm/186341697526","TXRT239097",,"TX097","rotary tool accessory","PHRASE","0.5",,,"True",
"https://www.ebay.com.au/itm/186341697526","TXRT239097",,"TX097","rotary tool accessories","PHRASE","0.45",,,"True",
"https://www.ebay.com.au/itm/186334300215","TXFD125322",,"TX322/TX323/TX324/TX325","flap disc","PHRASE","0.24",,,"True",
"https://www.ebay.com.au/itm/186334300215","TXFD125322",,"TX322/TX323/TX324/TX325","zirconia flap disc","PHRASE","0.27",,,"True",
"https://www.ebay.com.au/itm/186334300215","TXFD125322",,"TX322/TX323/TX324/TX325","flap disc","EXACT","0.28",,,"True",
"https://www.ebay.com.au/itm/186334300215","TXFD125322",,"TX322/TX323/TX324/TX325","125mm flap disc","EXACT","0.37",,,"True",
"https://www.ebay.com.au/itm/186334300215","TXFD125322",,"TX322/TX323/TX324/TX325","flap discs 125mm","EXACT","0.53",,,"True",
"https://www.ebay.com.au/itm/186334300215","TXFD125322",,"TX322/TX323/TX324/TX325","5inch flap discs","EXACT","0.28",,,"True",
"https://www.ebay.com.au/itm/186334300215","TXFD125322",,"TX322/TX323/TX324/TX325","grit flap disc","PHRASE","0.65",,,"True",
"https://www.ebay.com.au/itm/186334247047","SLAP175200",,"SL200","air purifiers for the bedroom","EXACT","0.25",,,"True",
"https://www.ebay.com.au/itm/186334247047","SLAP175200",,"SL200","air purifiers for the home","EXACT","0.32",,,"True",
"https://www.ebay.com.au/itm/186334247047","SLAP175200",,"SL200","air purifier","EXACT","1.45",,,"True",
"https://www.ebay.com.au/itm/186334247047","SLAP175200",,"SL200","air purifier home","EXACT","2.1",,,"True",
"https://www.ebay.com.au/itm/186334247047","SLAP175200",,"SL200","air purifier hepa","EXACT","0.76",,,"True",
"https://www.ebay.com.au/itm/186334247047","SLAP175200",,"SL200","hepa air purifier","EXACT","2.3",,,"True",
"https://www.ebay.com.au/itm/186334297375","TXSP5PC253",,"TX253","spark plug socket set","PHRASE","0.5",,,"True",
"https://www.ebay.com.au/itm/186334297375","TXSP5PC253",,"TX253","spark plug socket","PHRASE","0.4",,,"True",
"https://www.ebay.com.au/itm/186334297375","TXSP5PC253",,"TX253","swivel spark plug socket","PHRASE","0.24",,,"True",
"https://www.ebay.com.au/itm/186334297375","TXSP5PC253",,"TX253","spark plug socket","EXACT","0.8",,,"True",
"https://www.ebay.com.au/itm/186334297375","TXSP5PC253",,"TX253","spark plug socket set","EXACT","0.36",,,"True",
"https://www.ebay.com.au/itm/186334297375","TXSP5PC253",,"TX253","14mm spark plug socket","EXACT","0.26",,,"True",
"https://www.ebay.com.au/itm/186312083773","SLFC56P101",,"SL101","kitchen storage container set","PHRASE","0.51",,,"True",
"https://www.ebay.com.au/itm/186312083773","SLFC56P101",,"SL101","food container","PHRASE","0.27",,,"True",
"https://www.ebay.com.au/itm/186312083773","SLFC56P101",,"SL101","food storage containers","EXACT","0.9",,,"True",
"https://www.ebay.com.au/itm/186312083773","SLFC56P101",,"SL101","food container storage set","EXACT","1",,,"True",
"https://www.ebay.com.au/itm/186312083773","SLFC56P101",,"SL101","food container","EXACT","1.5",,,"True",
"https://www.ebay.com.au/itm/186179076771","MKSE6N1091",,"MK091","lady shaver","PHRASE","0.5",,,"True",
"https://www.ebay.com.au/itm/186179076771","MKSE6N1091",,"MK091","electric lady shaver","PHRASE","0.5",,,"True",
"https://www.ebay.com.au/itm/186152738952","TXSBR34417",,"TX417","reciprocating saw blades","PHRASE","0.42",,,"True",
"https://www.ebay.com.au/itm/186152738952","TXSBR34417",,"TX417","reciprocating saw blades metal","EXACT","0.48",,,"True",
"https://www.ebay.com.au/itm/186152738952","TXSBR34417",,"TX417","reciprocating saw blades pruning","EXACT","1",,,"True",
"https://www.ebay.com.au/itm/186152738952","TXSBR34417",,"TX417","reciprocating saw blades wood","EXACT","1",,,"True",
"https://www.ebay.com.au/itm/186152738952","TXSBR34417",,"TX417","saw blades","EXACT","0.3",,,"True",
"https://www.ebay.com.au/itm/186152738952","TXSBR34417",,"TX417","sabre saw blades","EXACT","0.89",,,"True",
"https://www.ebay.com.au/itm/186152738952","TXSBR34417",,"TX417","reciprocating saw blades","EXACT","0.42",,,"True",
"https://www.ebay.com.au/itm/185272987502","TXWS285057",,"TX057","electrical repair kit","PHRASE","0.67",,,"True",
"https://www.ebay.com.au/itm/185272987502","TXWS285057",,"TX057","wire stripper","PHRASE","0.46",,,"True",
"https://www.ebay.com.au/itm/184929665402","TXFC906W065",,"TX065","hot wire foam cutter","PHRASE","0.8",,,"True",
"https://www.ebay.com.au/itm/184929665402","TXFC906W065",,"TX065","styrofoam cutter","PHRASE","0.42",,,"True",
"https://www.ebay.com.au/itm/184929665402","TXFC906W065",,"TX065","foam cutter","PHRASE","0.2",,,"True",
"https://www.ebay.com.au/itm/184929665402","TXFC906W065",,"TX065","foam cutter","EXACT","0.85",,,"True",
"https://www.ebay.com.au/itm/186133583556","TX516",,"TX516","chainsaw","PHRASE","1.85",,,"True",
"https://www.ebay.com.au/itm/186133583556","TX516",,"TX516","leaf blower","PHRASE","0.3",,,"True",
"https://www.ebay.com.au/itm/186133583556","TX516",,"TX516","cordless blower","PHRASE","0.5",,,"True",
"https://www.ebay.com.au/itm/186133583556","TX516",,"TX516","power tools garden","EXACT","1.82",,,"True",
"https://www.ebay.com.au/itm/186133408447","TX515",,"TX515","leaf blower","PHRASE","2",,,"True",
"https://www.ebay.com.au/itm/186133408447","TX515",,"TX515","grass trimmer","PHRASE","2.4",,,"True",
"https://www.ebay.com.au/itm/186133408447","TX515",,"TX515","cordless blower","PHRASE","0.4",,,"True",
"https://www.ebay.com.au/itm/186133408447","TX515",,"TX515","whipper snipper","EXACT","0.32",,,"True",
"https://www.ebay.com.au/itm/186133408447","TX515",,"TX515","line trimmer","EXACT","0.4",,,"True",
"https://www.ebay.com.au/itm/186097338610","TXCS4V0240",,"TX240","cordless scrubber","PHRASE","0.76",,,"True",
"https://www.ebay.com.au/itm/186097338610","TXCS4V0240",,"TX240","scrubber brush","PHRASE","0.73",,,"True",
"https://www.ebay.com.au/itm/185998945670","TX512",,"TX512","angle grinder","PHRASE","0.3",,,"True",
"https://www.ebay.com.au/itm/185998945670","TX512",,"TX512","cordless power tools","PHRASE","0.74",,,"True",
"https://www.ebay.com.au/itm/185998945670","TX512",,"TX512","circular saw","PHRASE","1.4",,,"True",
"https://www.ebay.com.au/itm/186116490834","TXCV20V014",,"TX014","vacuum cleaner","PHRASE","0.3",,,"True",
"https://www.ebay.com.au/itm/186116490834","TXCV20V014",,"TX014","handheld vacuum cleaner","PHRASE","0.3",,,"True",
"https://www.ebay.com.au/itm/186116490834","TXCV20V014",,"TX014","car vacuum cleaner","PHRASE","1.15",,,"True",
"https://www.ebay.com.au/itm/186116490834","TXCV20V014",,"TX014","cordless vacuum cleaner","PHRASE","1.36",,,"True",
"https://www.ebay.com.au/itm/186071626480","TXCT12V203",,"TX201_TX203","led torch","EXACT","0.35",,,"True",
"https://www.ebay.com.au/itm/186071626480","TXCT12V203",,"TX201_TX203","makita 18v torch","EXACT","0.5",,,"True",
"https://www.ebay.com.au/itm/186071626480","TXCT12V203",,"TX201_TX203","led replacement torch bulbs","EXACT","0.81",,,"True",
"https://www.ebay.com.au/itm/186029805398","TX521",,"TX521","cordless inflator","PHRASE","1.5",,,"True",
"https://www.ebay.com.au/itm/186029805398","TX521",,"TX521","handheld vacuum cleaner","PHRASE","1.5",,,"True",
"https://www.ebay.com.au/itm/186029805398","TX521",,"TX521","vacuum cleaner","PHRASE","1",,,"True",
"https://www.ebay.com.au/itm/186029805398","TX521",,"TX521","handheld vacuum cordless","PHRASE","1.6",,,"True",
"https://www.ebay.com.au/itm/186029805398","TX521",,"TX521","impact wrench","PHRASE","1.5",,,"True",
"https://www.ebay.com.au/itm/186008132332","TXAG12W028",,"TX028","125mm angle grinder","EXACT","0.85",,,"True",
"https://www.ebay.com.au/itm/186008132332","TXAG12W028",,"TX028","125mm grinder","EXACT","0.75",,,"True",
"https://www.ebay.com.au/itm/186008132332","TXAG12W028",,"TX028","angle grinder","EXACT","0.65",,,"True",
"https://www.ebay.com.au/itm/186008132332","TXAG12W028",,"TX028","125mm corded grinder","EXACT","0.3",,,"True",
"https://www.ebay.com.au/itm/185998613136","TXRH15W104",,"TX104","rotary hammer drill","EXACT","0.58",,,"True",
"https://www.ebay.com.au/itm/185998613136","TXRH15W104",,"TX104","hammer drill","EXACT","0.56",,,"True",
"https://www.ebay.com.au/itm/185998613136","TXRH15W104",,"TX104","sds drill","EXACT","0.78",,,"True",
"https://www.ebay.com.au/itm/185998613136","TXRH15W104",,"TX104","hammer drill sds","EXACT","0.55",,,"True",
"https://www.ebay.com.au/itm/185998613136","TXRH15W104",,"TX104","sds rotary hammer drill","EXACT","0.36",,,"True",
"https://www.ebay.com.au/itm/185914312963","MKHS4N1071",,"MK071","hair dryer brush","PHRASE","0.5",,,"True",
"https://www.ebay.com.au/itm/185914312963","MKHS4N1071",,"MK071","air styler","PHRASE","0.45",,,"True",
"https://www.ebay.com.au/itm/185914312963","MKHS4N1071",,"MK071","hair styler","PHRASE","0.7",,,"True",
"https://www.ebay.com.au/itm/185882082695","TXEB9PC251",,"TX251","socket extension set","EXACT","0.48",,,"True",
"https://www.ebay.com.au/itm/185882082695","TXEB9PC251",,"TX251","extension bar set","EXACT","0.45",,,"True",
"https://www.ebay.com.au/itm/185882082695","TXEB9PC251",,"TX251","extension bar","PHRASE","0.42",,,"True",
"https://www.ebay.com.au/itm/185882082695","TXEB9PC251",,"TX251","3/8 extension bar","EXACT","0.27",,,"True",
"https://www.ebay.com.au/itm/185882082695","TXEB9PC251",,"TX251","1/2 extension bar","EXACT","0.35",,,"True",
"https://www.ebay.com.au/itm/185882082695","TXEB9PC251",,"TX251","impact extension bar","EXACT","0.3",,,"True",
"https://www.ebay.com.au/itm/185030409613","TLWP12V101",,"TL101","water pump 12v","EXACT","1",,,"True",
"https://www.ebay.com.au/itm/185860247260","TPCMSML008",,"TP008","cat litter pad","PHRASE","0.21",,,"True",
"https://www.ebay.com.au/itm/185860247260","TPCMSML008",,"TP008","cat litter mat","PHRASE","0.4",,,"True",
"https://www.ebay.com.au/itm/185026721472","TXCB20V121",,"TX121","leaf blower cordless","EXACT","1.8",,,"True",
"https://www.ebay.com.au/itm/185026721472","TXCB20V121",,"TX121","battery leaf blower","EXACT","1.9",,,"True",
"https://www.ebay.com.au/itm/185026721472","TXCB20V121",,"TX121","cordless blower vacuum","EXACT","1.85",,,"True",
"https://www.ebay.com.au/itm/185650769515","MSTR64P081",,"MS081","puncture repair kit","PHRASE","0.2",,,"True",
"https://www.ebay.com.au/itm/185650769515","MSTR64P081",,"MS081","tyre repair kit","EXACT","0.22",,,"True",
"https://www.ebay.com.au/itm/185650769515","MSTR64P081",,"MS081","puncture repair kit","EXACT","0.3",,,"True",
"https://www.ebay.com.au/itm/185650769515","MSTR64P081",,"MS081","car tyre repair kit","EXACT","0.26",,,"True",
"https://www.ebay.com.au/itm/185650769515","MSTR64P081",,"MS081","tyre plug kit","EXACT","0.21",,,"True",
"https://www.ebay.com.au/itm/185650769515","MSTR64P081",,"MS081","tubeless tyre repair kit","EXACT","0.34",,,"True",
"https://www.ebay.com.au/itm/185018804991","TXRT200W092",,"TX092","rotary tool","EXACT","0.3",,,"True",
"https://www.ebay.com.au/itm/185018804991","TXRT200W092",,"TX092","rotary tool kit","EXACT","0.3",,,"True",
"https://www.ebay.com.au/itm/185018804991","TXRT200W092",,"TX092","electric rotary tool","EXACT","0.3",,,"True",
"https://www.ebay.com.au/itm/185018804991","TXRT200W092",,"TX092","mini rotary tool","EXACT","0.71",,,"True",
"https://www.ebay.com.au/itm/185180081889","TXDP750W132",,"Water PumpTX131 TX132","submersible dirty water pump","EXACT","1",,,"True",
"https://www.ebay.com.au/itm/185180081889","TXDP750W132",,"Water PumpTX131 TX132","240v submersible water pump","EXACT","1.1",,,"True",
"https://www.ebay.com.au/itm/185556494563","MSHT1180P044",,"ms044","toolbox","EXACT","1.6",,,"True",
"https://www.ebay.com.au/itm/185556494563","MSHT1180P044",,"ms044","tool set","EXACT","0.4",,,"True",
"https://www.ebay.com.au/itm/185284945958","FB10X10",,"Fire blanket","fire blanket","PHRASE","0.2",,,"True",
"https://www.ebay.com.au/itm/185284945958","FB10X10",,"Fire blanket","fire blanket","EXACT","0.42",,,"True",
"https://www.ebay.com.au/itm/185432982775","FB18X12",,"Fire blanket","fire blanket","PHRASE","0.7",,,"True",
"https://www.ebay.com.au/itm/185431373096","FB18X12",,"Fire blanket","fire blanket","PHRASE","0.2",,,"True",
"https://www.ebay.com.au/itm/185431373096","FB18X18",,"Fire blanket","fire blanket","EXACT","0.92",,,"True",
"https://www.ebay.com.au/itm/185431324106","FB45ABE",,"Fire extinguisher","fire extinguisher","PHRASE","0.2",,,"True",
"https://www.ebay.com.au/itm/185431324106","FB45ABE",,"Fire extinguisher","4.5kg fire extinguisher","PHRASE","0.3",,,"True",
"https://www.ebay.com.au/itm/185431324106","FB45ABE",,"Fire extinguisher","fire extinguisher","EXACT","1.1",,,"True",
"https://www.ebay.com.au/itm/185432975797","FB90ABE",,"Fire extinguisher","fire extinguisher","PHRASE","0.41",,,"True",
"https://www.ebay.com.au/itm/185432975797","FB90ABE",,"Fire extinguisher","9kg fire extinguisher","PHRASE","0.59",,,"True",
"https://www.ebay.com.au/itm/185273082337","TXTK3PC056",,"TX056","utility knife","PHRASE","0.28",,,"True",
"https://www.ebay.com.au/itm/185273082337","TXTK3PC056",,"TX056","folding utility knife","PHRASE","0.48",,,"True",
"https://www.ebay.com.au/itm/185273082337","TXTK3PC056",,"TX056","utility knife","EXACT","0.28",,,"True",
"https://www.ebay.com.au/itm/185273082337","TXTK3PC056",,"TX056","knife blades","EXACT","0.8",,,"True",
"https://www.ebay.com.au/itm/185273082337","TXTK3PC056",,"TX056","utility knife blades","EXACT","0.9",,,"True",
"https://www.ebay.com.au/itm/185273082337","TXTK3PC056",,"TX056","utility","EXACT","0.36",,,"True",
"https://www.ebay.com.au/itm/185374333818","TXCTD125M022",,"TX022","grinding discs","PHRASE","0.59",,,"True",
"https://www.ebay.com.au/itm/185374333818","TXCTD125M022",,"TX022","cutting discs","PHRASE","0.4",,,"True",
"https://www.ebay.com.au/itm/185290548827","TXRNG110P082",,"TX082","rivet nut tool","EXACT","1.2",,,"True",
"https://www.ebay.com.au/itm/185290548827","TXRNG110P082",,"TX082","rivnut kit","EXACT","1.2",,,"True",
"https://www.ebay.com.au/itm/185290548827","TXRNG110P082",,"TX082","nut riveter","EXACT","1.1",,,"True",
"https://www.ebay.com.au/itm/185324376993","TXEE13W095",,"TX095","engraver","EXACT","0.32",,,"True",
"https://www.ebay.com.au/itm/185324376993","TXEE13W095",,"TX095","etching tool","EXACT","0.6",,,"True",
"https://www.ebay.com.au/itm/185324376993","TXEE13W095",,"TX095","engraving tool","EXACT","0.33",,,"True",
"https://www.ebay.com.au/itm/185324376993","TXEE13W095",,"TX095","engraving pen","EXACT","0.55",,,"True",
"https://www.ebay.com.au/itm/185324376993","TXEE13W095",,"TX095","plastic engraver","EXACT","0.6",,,"True",
"https://www.ebay.com.au/itm/185324376993","TXEE13W095",,"TX095","metal engraver","EXACT","0.41",,,"True",
"https://www.ebay.com.au/itm/185324376993","TXEE13W095",,"TX095","engraving","EXACT","0.6",,,"True",
"https://www.ebay.com.au/itm/186890399319","TXTB16H702",,"TX702","large tool bag","EXACT","0.72",,,"True",
"https://www.ebay.com.au/itm/186784286110","TXTI12V010",,"TX010","car air compressor","EXACT","1",,,"True",
"https://www.ebay.com.au/itm/186784286110","TXTI12V010",,"TX010","cordless tyre inflator","EXACT","2.1",,,"True",
"https://www.ebay.com.au/itm/186784286110","TXTI12V010",,"TX010","tyre inflator","EXACT","0.3",,,"True",
"https://www.ebay.com.au/itm/186784286110","TXTI12V010",,"TX010","tire inflator","EXACT","1.75",,,"True",
"https://www.ebay.com.au/itm/186704238905","TXMK2PC059",,"TX059","multitool","EXACT","0.56",,,"True",
"https://www.ebay.com.au/itm/186704238905","TXMK2PC059",,"TX059","multi-function tool set","EXACT","0.6",,,"True",
"https://www.ebay.com.au/itm/186704217410","SLFC460300",,"SL300","chair cushion","EXACT","0.95",,,"True",
"https://www.ebay.com.au/itm/186704217410","SLFC460300",,"SL300","tailbone cushion","EXACT","0.74",,,"True",
"https://www.ebay.com.au/itm/186704217410","SLFC460300",,"SL300","seat cushion memory foam","EXACT","1.35",,,"True",
"https://www.ebay.com.au/itm/186704217410","SLFC460300",,"SL300","car seat cushion back support","EXACT","1.02",,,"True",
"https://www.ebay.com.au/itm/186704217410","SLFC460300",,"SL300","memory foam car seat cushion","EXACT","0.72",,,"True",
"https://www.ebay.com.au/itm/186704217410","SLFC460300",,"SL300","seat cushion","EXACT","0.5",,,"True",
"https://www.ebay.com.au/itm/186557922091","SLDR2LY110",,"SL110","dish rack","EXACT","0.38",,,"True",
"https://www.ebay.com.au/itm/186557922091","SLDR2LY110",,"SL110","kitchen dish drying rack","EXACT","0.55",,,"True",
"https://www.ebay.com.au/itm/186557922091","SLDR2LY110",,"SL110","dish drying rack over sink","EXACT","0.75",,,"True",
"https://www.ebay.com.au/itm/186557922091","SLDR2LY110",,"SL110","over sink dish drying rack","EXACT","0.56",,,"True",
"https://www.ebay.com.au/itm/186441058466","MKSSBMI101",,"MK101","smart digital scale","EXACT","1.2",,,"True",
"https://www.ebay.com.au/itm/186441058466","MKSSBMI101",,"MK101","body fat scale","EXACT","1.13",,,"True",
"https://www.ebay.com.au/itm/186441058466","MKSSBMI101",,"MK101","bathroom scale","EXACT","1.1",,,"True",
"https://www.ebay.com.au/itm/186430602097","TXSA13S254",,"TX254","impact driver socket set","EXACT","0.31",,,"True",
"https://www.ebay.com.au/itm/186430602097","TXSA13S254",,"TX254","1/2 socket adaptor","EXACT","0.61",,,"True",
"https://www.ebay.com.au/itm/186430602097","TXSA13S254",,"TX254","impact driver bit set","EXACT","0.25",,,"True",
"https://www.ebay.com.au/itm/186430602097","TXSA13S254",,"TX254","impact socket adapter","EXACT","0.45",,,"True",
"https://www.ebay.com.au/itm/186430602097","TXSA13S254",,"TX254","socket adaptor","EXACT","0.65",,,"True",
"https://www.ebay.com.au/itm/186430602097","TXSA13S254",,"TX254","1/4 inch socket set","EXACT","0.84",,,"True",
"https://www.ebay.com.au/itm/186430602097","TXSA13S254",,"TX254","impact driver socket adapter","EXACT","0.25",,,"True",
"https://www.ebay.com.au/itm/186400077011","TXIW12V230",,"TX230","electric impact wrench","EXACT","1.26",,,"True",
"https://www.ebay.com.au/itm/186400077011","TXIW12V230",,"TX230","3/8 mini impact wrench battery","EXACT","1.25",,,"True",
"https://www.ebay.com.au/itm/186400077011","TXIW12V230",,"TX230","12v impact wrench","EXACT","0.86",,,"True",
"https://www.ebay.com.au/itm/186400077011","TXIW12V230",,"TX230","impact wrench with socket","EXACT","1.25",,,"True",
"https://www.ebay.com.au/itm/186366192767","TXSC450600",,"TX600","spot cleaner","EXACT","1.35",,,"True",
"https://www.ebay.com.au/itm/185998613136","TXRH15W104",,"TX104","sds plus rotary hammer drill","EXACT","0.3",,,"True",
"https://www.ebay.com.au/itm/185998613136","TXRH15W104",,"TX104","hammer sds plus drill rotary","EXACT","0.29",,,"True",
"https://www.ebay.com.au/itm/185998613136","TXRH15W104",,"TX104","sds hammer chisel drill","EXACT","0.31",,,"True",
"https://www.ebay.com.au/itm/185998613136","TXRH15W104",,"TX104","heavy duty hammer drill","EXACT","0.39",,,"True",
"https://www.ebay.com.au/itm/185998613136","TXRH15W104",,"TX104","heavy duty sds drill","EXACT","0.2",,,"True",
"https://www.ebay.com.au/itm/185998613136","TXRH15W104",,"TX104","electric sds hammer drill","EXACT","0.3",,,"True",
"https://www.ebay.com.au/itm/185872310541","KYLB3N1032",,"KY032","leaf mulcher","EXACT","0.22",,,"True",
"https://www.ebay.com.au/itm/185872310541","KYLB3N1032",,"KY032","leaf vacuum","EXACT","0.62",,,"True",
"https://www.ebay.com.au/itm/185872310541","KYLB3N1032",,"KY032","blower vac","EXACT","0.25",,,"True",
"https://www.ebay.com.au/itm/185872310541","KYLB3N1032",,"KY032","leaf blower","EXACT","2.4",,,"True",
"https://www.ebay.com.au/itm/185872310541","KYLB3N1032",,"KY032","blower vac cordless","EXACT","0.7",,,"True",
"https://www.ebay.com.au/itm/185872310541","KYLB3N1032",,"KY032","electric blower vac","EXACT","0.69",,,"True",
"https://www.ebay.com.au/itm/185030409613","TLWP12V101",,"TL101","12volt water pump","EXACT","0.36",,,"True",
"https://www.ebay.com.au/itm/185030409613","TLWP12V101",,"TL101","12 volt water pumps","EXACT","1",,,"True",
"https://www.ebay.com.au/itm/185030409613","TLWP12V101",,"TL101","12v water pump self priming","EXACT","0.58",,,"True",
"https://www.ebay.com.au/itm/185030409613","TLWP12V101",,"TL101","12v. water pump","EXACT","0.6",,,"True",
"https://www.ebay.com.au/itm/185026721472","TXCB20V121",,"TX121","mini leaf blower","EXACT","1.87",,,"True",
"https://www.ebay.com.au/itm/185725772967","MKSB700051",,"MK051","hand held electric mixer","PHRASE","0.57",,,"True",
"https://www.ebay.com.au/itm/185725772967","MKSB700051",,"MK051","electric mixer","PHRASE","0.61",,,"True",
"https://www.ebay.com.au/itm/185725772967","MKSB700051",,"MK051","stick blender","EXACT","0.75",,,"True",
"https://www.ebay.com.au/itm/185650769515","MSTR64P081",,"MS081","car tyre puncture repair kit","EXACT","0.3",,,"True",
"https://www.ebay.com.au/itm/185650769515","MSTR64P081",,"MS081","car puncture repair kit","EXACT","0.4",,,"True",
"https://www.ebay.com.au/itm/185650769515","MSTR64P081",,"MS081","tire repair kit","EXACT","0.34",,,"True",
"https://www.ebay.com.au/itm/185650769515","MSTR64P081",,"MS081","tyre puncture repair kit","EXACT","0.32",,,"True",
"https://www.ebay.com.au/itm/185030235159","KYOUC265CM014",," cover ky014 ky016","umbrella cover","EXACT","0.8",,,"True",
"https://www.ebay.com.au/itm/185030235159","KYOUC265CM014",," cover ky014 ky016","outdoor umbrella covers","EXACT","0.5",,,"True",
"https://www.ebay.com.au/itm/185180081889","TXDP750W132",,"Water PumpTX131 TX132","water pump 240v","EXACT","1.8",,,"True",
"https://www.ebay.com.au/itm/185180081889","TXDP750W132",,"Water PumpTX131 TX132","submersible pump 240v","EXACT","2.1",,,"True",
"https://www.ebay.com.au/itm/185180081889","TXDP750W132",,"Water PumpTX131 TX132","submersable pump","EXACT","1",,,"True",
"https://www.ebay.com.au/itm/185180081889","TXDP750W132",,"Water PumpTX131 TX132","dirty water pump","EXACT","1",,,"True",
"https://www.ebay.com.au/itm/185180081889","TXDP750W132",,"Water PumpTX131 TX132","submersible pump","EXACT","0.4",,,"True",
"https://www.ebay.com.au/itm/185556494563","MSHT1180P044",,"ms044","hand tool set","PHRASE","0.5",,,"True",
"https://www.ebay.com.au/itm/185556494563","MSHT1180P044",,"ms044","tool box set","EXACT","0.6",,,"True",
"https://www.ebay.com.au/itm/185556494563","MSHT1180P044",,"ms044","tool box","EXACT","1.42",,,"True",
"https://www.ebay.com.au/itm/185556494563","MSHT1180P044",,"ms044","tool box kit","EXACT","0.4",,,"True",
"https://www.ebay.com.au/itm/185556494563","MSHT1180P044",,"ms044","tool box with tools","EXACT","0.6",,,"True",
"https://www.ebay.com.au/itm/185433273112","FB10ABEH",,"Fire extinguisher","fire extinguisher","PHRASE","0.21",,,"True",
"https://www.ebay.com.au/itm/185433273112","FB10ABEH",,"Fire extinguisher","small fire extinguisher","EXACT","0.3",,,"True",
"https://www.ebay.com.au/itm/185433273112","FB10ABEH",,"Fire extinguisher","fire extinguisher","EXACT","0.85",,,"True",
"https://www.ebay.com.au/itm/185433279682","FB25ABE",,"Fire extinguisher","fire extinguisher","PHRASE","0.6",,,"True",
"https://www.ebay.com.au/itm/185433279682","FB25ABE",,"Fire extinguisher","2.5kg fire extinguisher","EXACT","0.2",,,"True",
"https://www.ebay.com.au/itm/185026736832","FB10ABE",,"Fire extinguisher","fire extinguisher","PHRASE","0.17",,,"True",
"https://www.ebay.com.au/itm/185026736832","FB10ABE",,"Fire extinguisher","car fire extinguisher","EXACT","0.3",,,"True",
"https://www.ebay.com.au/itm/185026736832","FB10ABE",,"Fire extinguisher","fire extinguisher car","EXACT","0.22",,,"True",
"https://www.ebay.com.au/itm/185026736832","FB10ABE",,"Fire extinguisher","fire extinguisher","EXACT","0.5",,,"True",
"https://www.ebay.com.au/itm/185374333818","TXCTD125M022",,"TX022","cutting wheels","PHRASE","0.88",,,"True",
"https://www.ebay.com.au/itm/185290548827","TXRNG110P082",,"TX082","nutsert kit","EXACT","1.15",,,"True",
"https://www.ebay.com.au/itm/185290548827","TXRNG110P082",,"TX082","nutsert tool","EXACT","1",,,"True",
"https://www.ebay.com.au/itm/185290548827","TXRNG110P082",,"TX082","rivet nut gun","EXACT","0.5",,,"True",
"https://www.ebay.com.au/itm/185324376993","TXEE13W095",,"TX095","glass engraver","EXACT","0.3",,,"True",
"https://www.ebay.com.au/itm/185324376993","TXEE13W095",,"TX095","engraver tool","EXACT","0.3",,,"True",
"https://www.ebay.com.au/itm/185324376993","TXEE13W095",,"TX095","electric engraver","EXACT","0.3",,,"True",
"https://www.ebay.com.au/itm/185324376993","TXEE13W095",,"TX095","electric engraving pen","EXACT","0.63",,,"True",
"https://www.ebay.com.au/itm/185324376993","TXEE13W095",,"TX095","engraver pen","EXACT","0.53",,,"True",
"https://www.ebay.com.au/itm/185324376993","TXEE13W095",,"TX095","metal engraving tool","EXACT","0.3",,,"True",
"https://www.ebay.com.au/itm/185324376993","TXEE13W095",,"TX095","metal engraving","EXACT","0.4",,,"True",
"https://www.ebay.com.au/itm/185030235159","KYOUC265CM014",," cover ky014 ky016","cantilever umbrella cover","EXACT","0.5",,,"True",
"https://www.ebay.com.au/itm/185030235159","KYOUC265CM014",," cover ky014 ky016","market umbrella cover","EXACT","0.59",,,"True",
"https://www.ebay.com.au/itm/185030235159","KYOUC265CM014",," cover ky014 ky016","pool umbrella cover","EXACT","0.5",,,"True",
"https://www.ebay.com.au/itm/185294655112","KYCC077CM016",," cover ky014 ky016","patio chair cover","EXACT","0.35",,,"True",
"https://www.ebay.com.au/itm/185294655112","KYCC077CM016",," cover ky014 ky016","waterproof outdoor furniture cover","EXACT","0.51",,,"True",
"https://www.ebay.com.au/itm/185294655112","KYCC077CM016",," cover ky014 ky016","outdoor furniture cover","EXACT","0.6",,,"True",
"https://www.ebay.com.au/itm/185556494563","MSHT1180P044",,"ms044","tool set kit","EXACT","0.4",,,"True",
"https://www.ebay.com.au/itm/185556494563","MSHT1180P044",,"ms044","tool set box","EXACT","0.25",,,"True",
"https://www.ebay.com.au/itm/185556494563","MSHT1180P044",,"ms044","tool kit","EXACT","0.75",,,"True",
"https://www.ebay.com.au/itm/185285029575","RED10ABE&FB10X10",,"Fire extinguisher","fire extinguisher","PHRASE","0.18",,,"True",
"https://www.ebay.com.au/itm/185285029575","RED10ABE&FB10X10",,"Fire extinguisher","fire blanket","PHRASE","0.17",,,"True",
"https://www.ebay.com.au/itm/185285029575","RED10ABE&FB10X10",,"Fire extinguisher","car fire extinguisher","EXACT","0.34",,,"True",
"https://www.ebay.com.au/itm/185285029575","RED10ABE&FB10X10",,"Fire extinguisher","fire extinguisher car","EXACT","1.2",,,"True",
"https://www.ebay.com.au/itm/185285029575","RED10ABE&FB10X10",,"Fire extinguisher","fire blanket","EXACT","0.7",,,"True",
"https://www.ebay.com.au/itm/185285029575","RED10ABE&FB10X10",,"Fire extinguisher","fire extinguisher","EXACT","0.88",,,"True",
"https://www.ebay.com.au/itm/185051227954","RED10ABE&FANCP30&FB10X10",,"Fire extinguisher","fire blanket","PHRASE","0.35",,,"True",
"https://www.ebay.com.au/itm/185051227954","RED10ABE&FANCP30&FB10X10",,"Fire extinguisher","fire extinguisher","PHRASE","0.4",,,"True",
"https://www.ebay.com.au/itm/185051227954","RED10ABE&FANCP30&FB10X10",,"Fire extinguisher","first aid kit","PHRASE","0.72",,,"True",
"https://www.ebay.com.au/itm/185026756307","RED10ABE",,"Fire extinguisher","fire extinguisher","PHRASE","0.6",,,"True",
