Link of the Product,Keyword,Product ID
https://www.ebay.com.au/itm/187196293335,tool bag,187196293335
https://www.ebay.com.au/itm/187196293335,tool tote,187196293335
https://www.ebay.com.au/itm/187196293335,tool bag heavy duty,187196293335
https://www.ebay.com.au/itm/187196293335,tool bag with wheels,187196293335
https://www.ebay.com.au/itm/187031698820,foam cutter,187031698820
https://www.ebay.com.au/itm/187031698820,styrofoam cutter,187031698820
https://www.ebay.com.au/itm/187031698820,hot knife foam cutter,187031698820
https://www.ebay.com.au/itm/187031698820,hot wire foam cutter,187031698820
https://www.ebay.com.au/itm/187018319975,outdoor furniture cover,187018319975
https://www.ebay.com.au/itm/187018319975,waterproof outdoor furniture cover,187018319975
https://www.ebay.com.au/itm/187018319975,heavy duty outdoor furniture cover,187018319975
https://www.ebay.com.au/itm/187018319975,square outdoor furniture covers waterproof,187018319975
https://www.ebay.com.au/itm/187018319975,outdoor furniture cover square,187018319975
https://www.ebay.com.au/itm/186952636254,essential oils,186952636254
https://www.ebay.com.au/itm/186952636254,essential oils set,186952636254
https://www.ebay.com.au/itm/186952636254,diffuser oils,186952636254
https://www.ebay.com.au/itm/186952631532,diffuser,186952631532
https://www.ebay.com.au/itm/186952631532,oil diffuser,186952631532
https://www.ebay.com.au/itm/186952629545,diffuser,186952629545
https://www.ebay.com.au/itm/186952629545,essential oil diffuser,186952629545
https://www.ebay.com.au/itm/186952626613,salt and pepper grinders,186952626613
https://www.ebay.com.au/itm/186952626613,pepper mill,186952626613
https://www.ebay.com.au/itm/186952626613,electric coffee grinder,186952626613
https://www.ebay.com.au/itm/186952626613,salt and pepper,186952626613
https://www.ebay.com.au/itm/186952626613,electric salt and pepper grinders,186952626613
https://www.ebay.com.au/itm/186952626613,salt and pepper grinders electric,186952626613
https://www.ebay.com.au/itm/186890399337,tool bag,186890399337
https://www.ebay.com.au/itm/186890399337,tool bag backpack,186890399337
https://www.ebay.com.au/itm/186890399337,backpack tool bag,186890399337
https://www.ebay.com.au/itm/186890399319,tool bag,186890399319
https://www.ebay.com.au/itm/186890399319,tool tote,186890399319
https://www.ebay.com.au/itm/186890399319,electrician tool bag,186890399319
https://www.ebay.com.au/itm/186890399319,tool tote bag,186890399319
https://www.ebay.com.au/itm/186890399319,tool bag heavy duty,186890399319
https://www.ebay.com.au/itm/186890399319,tool bag tote,186890399319
https://www.ebay.com.au/itm/186890399319,open top tool bag,186890399319
https://www.ebay.com.au/itm/186890399319,tote tool bag,186890399319
https://www.ebay.com.au/itm/186890399319,heavy duty tool bag,186890399319
https://www.ebay.com.au/itm/186890399308,tool bag,186890399308
https://www.ebay.com.au/itm/186890399308,tool tote,186890399308
https://www.ebay.com.au/itm/186890399308,electrician tool bag,186890399308
https://www.ebay.com.au/itm/186890399308,tool tote bag,186890399308
https://www.ebay.com.au/itm/186854942746,glass containers with lids,186854942746
https://www.ebay.com.au/itm/186854942746,glass food storage containers,186854942746
https://www.ebay.com.au/itm/186854942746,glass meal prep containers,186854942746
https://www.ebay.com.au/itm/186854942746,meal prep containers,186854942746
https://www.ebay.com.au/itm/186854942746,glass containers,186854942746
https://www.ebay.com.au/itm/186854942746,food containers,186854942746
https://www.ebay.com.au/itm/186854942746,glass food containers,186854942746
https://www.ebay.com.au/itm/186850688517,humidifier,186850688517
https://www.ebay.com.au/itm/186850688517,aroma diffuser,186850688517
https://www.ebay.com.au/itm/186850688517,essential oil diffuser,186850688517
https://www.ebay.com.au/itm/186850688517,cool mist humidifier,186850688517
https://www.ebay.com.au/itm/186850688517,air humidifier,186850688517
https://www.ebay.com.au/itm/186850688410,paper towel holder,186850688410
https://www.ebay.com.au/itm/186850688410,tear towel holder,186850688410
https://www.ebay.com.au/itm/186850688410,kitchen roll holder,186850688410
https://www.ebay.com.au/itm/186850688361,air purifier,186850688361
https://www.ebay.com.au/itm/186850688361,air purifiers for the home,186850688361
https://www.ebay.com.au/itm/186850688361,air purifier home,186850688361
https://www.ebay.com.au/itm/186850688361,air purifier hepa,186850688361
https://www.ebay.com.au/itm/186850688361,hepa air purifier,186850688361
https://www.ebay.com.au/itm/186850688361,air purifiers for the bedroom,186850688361
https://www.ebay.com.au/itm/186826151170,reciprocating saw,186826151170
https://www.ebay.com.au/itm/186826151170,reciprocating saw blades metal,186826151170
https://www.ebay.com.au/itm/186790415920,commercial blender,186790415920
https://www.ebay.com.au/itm/186790415920,smoothie blender,186790415920
https://www.ebay.com.au/itm/186790415920,juicer blender,186790415920
https://www.ebay.com.au/itm/186790415920,blender smoothie,186790415920
https://www.ebay.com.au/itm/186790415920,bullet blender,186790415920
https://www.ebay.com.au/itm/186790415920,fruit blender,186790415920
https://www.ebay.com.au/itm/186790415920,electric blender,186790415920
https://www.ebay.com.au/itm/186784286110,tyre inflator,186784286110
https://www.ebay.com.au/itm/186784286110,portable air compressor,186784286110
https://www.ebay.com.au/itm/186784286110,12v air compressor,186784286110
https://www.ebay.com.au/itm/186784286110,air pump for car,186784286110
https://www.ebay.com.au/itm/186784286110,air compressor 12v,186784286110
https://www.ebay.com.au/itm/186784286110,air compressor tyre inflator,186784286110
https://www.ebay.com.au/itm/186784286110,portable tyre inflator,186784286110
https://www.ebay.com.au/itm/186784286110,car tyre inflator,186784286110
https://www.ebay.com.au/itm/186784352636,car battery charger,186784352636
https://www.ebay.com.au/itm/186784352636,12v battery charger,186784352636
https://www.ebay.com.au/itm/186784352636,lithium battery charger 12v,186784352636
https://www.ebay.com.au/itm/186784352636,motorcycle battery charger,186784352636
https://www.ebay.com.au/itm/186784352636,smart battery charger,186784352636
https://www.ebay.com.au/itm/186784352636,battery charger,186784352636
https://www.ebay.com.au/itm/186784439614,cordless sander,186784439614
https://www.ebay.com.au/itm/186784439614,cordless detail sander,186784439614
https://www.ebay.com.au/itm/186784439614,mouse sander,186784439614
https://www.ebay.com.au/itm/186784439614,palm sander,186784439614
https://www.ebay.com.au/itm/186784439614,sander,186784439614
https://www.ebay.com.au/itm/186704238905,multitool pliers,186704238905
https://www.ebay.com.au/itm/186704238905,folding knife,186704238905
https://www.ebay.com.au/itm/186704238905,pocket knife,186704238905
https://www.ebay.com.au/itm/186704238905,multi tool,186704238905
https://www.ebay.com.au/itm/186704227004,lumbar cushion,186704227004
https://www.ebay.com.au/itm/186704227004,lumbar support car,186704227004
https://www.ebay.com.au/itm/186704227004,car lumbar back support pillow,186704227004
https://www.ebay.com.au/itm/186704227004,car back cushion,186704227004
https://www.ebay.com.au/itm/186704227004,lumbar support cushion,186704227004
https://www.ebay.com.au/itm/186704227004,lumbar support pillow,186704227004
https://www.ebay.com.au/itm/186704227004,back support cushion,186704227004
https://www.ebay.com.au/itm/186704227004,back support pillow,186704227004
https://www.ebay.com.au/itm/186704227004,ergonomic back cushion,186704227004
https://www.ebay.com.au/itm/186704217410,butt support pillow,186704217410
https://www.ebay.com.au/itm/186704217410,car seat cushion,186704217410
https://www.ebay.com.au/itm/186704217410,foam seat cushion,186704217410
https://www.ebay.com.au/itm/186704217410,memory foam seat,186704217410
https://www.ebay.com.au/itm/186704217410,memory foam cushion,186704217410
https://www.ebay.com.au/itm/186704217410,memory foam seat cushion,186704217410
https://www.ebay.com.au/itm/186704217410,foam seat pad,186704217410
https://www.ebay.com.au/itm/186704217410,car seat cushion memory foam,186704217410
https://www.ebay.com.au/itm/186704217410,butt pillow,186704217410
https://www.ebay.com.au/itm/186621342953,warehouse rack,186621342953
https://www.ebay.com.au/itm/186621342953,pallet racking,186621342953
https://www.ebay.com.au/itm/186621342953,garage shelving,186621342953
https://www.ebay.com.au/itm/186621342953,garage shelf,186621342953
https://www.ebay.com.au/itm/186557919534,hanging pot rack,186557919534
https://www.ebay.com.au/itm/186557919534,pot and pan organizer,186557919534
https://www.ebay.com.au/itm/186557919534,pan organizer,186557919534
https://www.ebay.com.au/itm/186557919534,pan rack,186557919534
https://www.ebay.com.au/itm/186557919534,pot rack,186557919534
https://www.ebay.com.au/itm/186557922091,dish drainer drying rack,186557922091
https://www.ebay.com.au/itm/186557922091,dish rack drainer tray,186557922091
https://www.ebay.com.au/itm/186557922091,2 tier dish drainer,186557922091
https://www.ebay.com.au/itm/186557922091,drying rack dishes,186557922091
https://www.ebay.com.au/itm/186557922091,dish storage rack,186557922091
https://www.ebay.com.au/itm/186557922091,2 tier dish drying rack,186557922091
https://www.ebay.com.au/itm/186557922091,dish drainer with tray,186557922091
https://www.ebay.com.au/itm/186441058466,body composition scale,186441058466
https://www.ebay.com.au/itm/186441058466,weight scale for body,186441058466
https://www.ebay.com.au/itm/186441058466,body scale,186441058466
https://www.ebay.com.au/itm/186441058466,smart scale,186441058466
https://www.ebay.com.au/itm/186441058466,bluetooth scale,186441058466
https://www.ebay.com.au/itm/186441058466,fat scale,186441058466
https://www.ebay.com.au/itm/186441058466,bathroom scale,186441058466
https://www.ebay.com.au/itm/186430533986,allen key set,186430533986
https://www.ebay.com.au/itm/186430533986,hex key,186430533986
https://www.ebay.com.au/itm/186430533986,allen wrench set,186430533986
https://www.ebay.com.au/itm/186430533986,allen key,186430533986
https://www.ebay.com.au/itm/186430533986,hex key set,186430533986
https://www.ebay.com.au/itm/186430511238,nut driver set,186430511238
https://www.ebay.com.au/itm/186430511238,magnetic nut driver set,186430511238
https://www.ebay.com.au/itm/186430511238,impact nut driver set,186430511238
https://www.ebay.com.au/itm/186430511238,magnetic socket,186430511238
https://www.ebay.com.au/itm/186430602097,socket set,186430602097
https://www.ebay.com.au/itm/186430602097,1/4 drive socket set,186430602097
https://www.ebay.com.au/itm/186430602097,socket adapter set,186430602097
https://www.ebay.com.au/itm/186430602097,socket extension set,186430602097
https://www.ebay.com.au/itm/186430602097,socket adaptor,186430602097
https://www.ebay.com.au/itm/186430602097,impact nut driver,186430602097
https://www.ebay.com.au/itm/186430602097,drill socket adapter,186430602097
https://www.ebay.com.au/itm/186400088441,cordless ratchet wrench,186400088441
https://www.ebay.com.au/itm/186400088441,"1/4"" cordless ratchet",186400088441
https://www.ebay.com.au/itm/186400088441,cordless ratchet,186400088441
https://www.ebay.com.au/itm/186400088441,cordless electric ratchet wrench,186400088441
https://www.ebay.com.au/itm/186400077011,impact wrench brushless,186400077011
https://www.ebay.com.au/itm/186400077011,cordless impact wrench,186400077011
https://www.ebay.com.au/itm/186400077011,3/8 impact wrench,186400077011
https://www.ebay.com.au/itm/186400077011,12 volt impact wrench,186400077011
https://www.ebay.com.au/itm/186400077011,3/8 cordless impact wrench,186400077011
https://www.ebay.com.au/itm/186400077011,impact wrench cordless,186400077011
https://www.ebay.com.au/itm/186400102039,bench grinder,186400102039
https://www.ebay.com.au/itm/186400102039,bench grinder machine,186400102039
https://www.ebay.com.au/itm/186400102039,bench grinder polisher,186400102039
https://www.ebay.com.au/itm/186400102039,200mm bench grinder,186400102039
https://www.ebay.com.au/itm/186400102039,mini bench grinder,186400102039
https://www.ebay.com.au/itm/186400059405,random orbital sander,186400059405
https://www.ebay.com.au/itm/186400059405,sander electric,186400059405
https://www.ebay.com.au/itm/186400059405,orbital sander,186400059405
https://www.ebay.com.au/itm/186400059405,sander,186400059405
https://www.ebay.com.au/itm/186400059405,electric sander,186400059405
https://www.ebay.com.au/itm/186400059405,mouse sander,186400059405
https://www.ebay.com.au/itm/186400059405,electric detail sander,186400059405
https://www.ebay.com.au/itm/186400059405,detail sander,186400059405
https://www.ebay.com.au/itm/185487539412,hand tool sets,185487539412
https://www.ebay.com.au/itm/185487539412,pink tool kit,185487539412
https://www.ebay.com.au/itm/185296205249,cordless screwdriver,185296205249
https://www.ebay.com.au/itm/185296205249,cordless drill pink,185296205249
https://www.ebay.com.au/itm/185296205249,lady cordless drill,185296205249
https://www.ebay.com.au/itm/185296205249,power tools pink,185296205249
https://www.ebay.com.au/itm/186366192767,upholstery cleaner,186366192767
https://www.ebay.com.au/itm/186366192767,spot cleaner,186366192767
https://www.ebay.com.au/itm/186366192767,carpet cleaner,186366192767
https://www.ebay.com.au/itm/186366192767,carpet spot cleaner,186366192767
https://www.ebay.com.au/itm/186366192767,carpet and upholstery cleaner,186366192767
https://www.ebay.com.au/itm/186364708135,electric drill bit sharpener,186364708135
https://www.ebay.com.au/itm/186364708135,drill sharpener,186364708135
https://www.ebay.com.au/itm/186364708135,multifunction sharpener,186364708135
https://www.ebay.com.au/itm/186341697526,rotary tool accessory,186341697526
https://www.ebay.com.au/itm/186341697526,rotary tool accessories,186341697526
https://www.ebay.com.au/itm/186334300215,flap disc,186334300215
https://www.ebay.com.au/itm/186334300215,zirconia flap disc,186334300215
https://www.ebay.com.au/itm/186334300215,125mm flap disc,186334300215
https://www.ebay.com.au/itm/186334300215,flap discs 125mm,186334300215
https://www.ebay.com.au/itm/186334300215,5inch flap discs,186334300215
https://www.ebay.com.au/itm/186334300215,grit flap disc,186334300215
https://www.ebay.com.au/itm/186334247047,air purifiers for the bedroom,186334247047
https://www.ebay.com.au/itm/186334247047,air purifiers for the home,186334247047
https://www.ebay.com.au/itm/186334247047,air purifier,186334247047
https://www.ebay.com.au/itm/186334247047,air purifier home,186334247047
https://www.ebay.com.au/itm/186334247047,air purifier hepa,186334247047
https://www.ebay.com.au/itm/186334247047,hepa air purifier,186334247047
https://www.ebay.com.au/itm/186334297375,spark plug socket set,186334297375
https://www.ebay.com.au/itm/186334297375,spark plug socket,186334297375
https://www.ebay.com.au/itm/186334297375,swivel spark plug socket,186334297375
https://www.ebay.com.au/itm/186334297375,14mm spark plug socket,186334297375
https://www.ebay.com.au/itm/186312083773,kitchen storage container set,186312083773
https://www.ebay.com.au/itm/186312083773,food container,186312083773
https://www.ebay.com.au/itm/186312083773,food storage containers,186312083773
https://www.ebay.com.au/itm/186312083773,food container storage set,186312083773
https://www.ebay.com.au/itm/186179076771,lady shaver,186179076771
https://www.ebay.com.au/itm/186179076771,electric lady shaver,186179076771
https://www.ebay.com.au/itm/186152738952,reciprocating saw blades,186152738952
https://www.ebay.com.au/itm/186152738952,reciprocating saw blades metal,186152738952
https://www.ebay.com.au/itm/186152738952,reciprocating saw blades pruning,186152738952
https://www.ebay.com.au/itm/186152738952,reciprocating saw blades wood,186152738952
https://www.ebay.com.au/itm/186152738952,saw blades,186152738952
https://www.ebay.com.au/itm/186152738952,sabre saw blades,186152738952
https://www.ebay.com.au/itm/185272987502,electrical repair kit,185272987502
https://www.ebay.com.au/itm/185272987502,wire stripper,185272987502
https://www.ebay.com.au/itm/184929665402,hot wire foam cutter,184929665402
https://www.ebay.com.au/itm/184929665402,styrofoam cutter,184929665402
https://www.ebay.com.au/itm/184929665402,foam cutter,184929665402
https://www.ebay.com.au/itm/186133583556,chainsaw,186133583556
https://www.ebay.com.au/itm/186133583556,leaf blower,186133583556
https://www.ebay.com.au/itm/186133583556,cordless blower,186133583556
https://www.ebay.com.au/itm/186133583556,power tools garden,186133583556
https://www.ebay.com.au/itm/186133408447,leaf blower,186133408447
https://www.ebay.com.au/itm/186133408447,grass trimmer,186133408447
https://www.ebay.com.au/itm/186133408447,cordless blower,186133408447
https://www.ebay.com.au/itm/186133408447,whipper snipper,186133408447
https://www.ebay.com.au/itm/186133408447,line trimmer,186133408447
https://www.ebay.com.au/itm/186097338610,cordless scrubber,186097338610
https://www.ebay.com.au/itm/186097338610,scrubber brush,186097338610
https://www.ebay.com.au/itm/185998945670,angle grinder,185998945670
https://www.ebay.com.au/itm/185998945670,cordless power tools,185998945670
https://www.ebay.com.au/itm/185998945670,circular saw,185998945670
https://www.ebay.com.au/itm/186116490834,vacuum cleaner,186116490834
https://www.ebay.com.au/itm/186116490834,handheld vacuum cleaner,186116490834
https://www.ebay.com.au/itm/186116490834,car vacuum cleaner,186116490834
https://www.ebay.com.au/itm/186116490834,cordless vacuum cleaner,186116490834
https://www.ebay.com.au/itm/186071626480,led torch,186071626480
https://www.ebay.com.au/itm/186071626480,makita 18v torch,186071626480
https://www.ebay.com.au/itm/186071626480,led replacement torch bulbs,186071626480
https://www.ebay.com.au/itm/186029805398,cordless inflator,186029805398
https://www.ebay.com.au/itm/186029805398,handheld vacuum cleaner,186029805398
https://www.ebay.com.au/itm/186029805398,vacuum cleaner,186029805398
https://www.ebay.com.au/itm/186029805398,handheld vacuum cordless,186029805398
https://www.ebay.com.au/itm/186029805398,impact wrench,186029805398
https://www.ebay.com.au/itm/186008132332,125mm angle grinder,186008132332
https://www.ebay.com.au/itm/186008132332,125mm grinder,186008132332
https://www.ebay.com.au/itm/186008132332,angle grinder,186008132332
https://www.ebay.com.au/itm/186008132332,125mm corded grinder,186008132332
https://www.ebay.com.au/itm/185998613136,rotary hammer drill,185998613136
https://www.ebay.com.au/itm/185998613136,hammer drill,185998613136
https://www.ebay.com.au/itm/185998613136,sds drill,185998613136
https://www.ebay.com.au/itm/185998613136,hammer drill sds,185998613136
https://www.ebay.com.au/itm/185998613136,sds rotary hammer drill,185998613136
https://www.ebay.com.au/itm/185914312963,hair dryer brush,185914312963
https://www.ebay.com.au/itm/185914312963,air styler,185914312963
https://www.ebay.com.au/itm/185914312963,hair styler,185914312963
https://www.ebay.com.au/itm/185882082695,socket extension set,185882082695
https://www.ebay.com.au/itm/185882082695,extension bar set,185882082695
https://www.ebay.com.au/itm/185882082695,extension bar,185882082695
https://www.ebay.com.au/itm/185882082695,3/8 extension bar,185882082695
https://www.ebay.com.au/itm/185882082695,1/2 extension bar,185882082695
https://www.ebay.com.au/itm/185882082695,impact extension bar,185882082695
https://www.ebay.com.au/itm/185030409613,water pump 12v,185030409613
https://www.ebay.com.au/itm/185860247260,cat litter pad,185860247260
https://www.ebay.com.au/itm/185860247260,cat litter mat,185860247260
https://www.ebay.com.au/itm/185026721472,leaf blower cordless,185026721472
https://www.ebay.com.au/itm/185026721472,battery leaf blower,185026721472
https://www.ebay.com.au/itm/185026721472,cordless blower vacuum,185026721472
https://www.ebay.com.au/itm/185650769515,puncture repair kit,185650769515
https://www.ebay.com.au/itm/185650769515,tyre repair kit,185650769515
https://www.ebay.com.au/itm/185650769515,car tyre repair kit,185650769515
https://www.ebay.com.au/itm/185650769515,tyre plug kit,185650769515
https://www.ebay.com.au/itm/185650769515,tubeless tyre repair kit,185650769515
https://www.ebay.com.au/itm/185018804991,rotary tool,185018804991
https://www.ebay.com.au/itm/185018804991,rotary tool kit,185018804991
https://www.ebay.com.au/itm/185018804991,electric rotary tool,185018804991
https://www.ebay.com.au/itm/185018804991,mini rotary tool,185018804991
https://www.ebay.com.au/itm/185180081889,submersible dirty water pump,185180081889
https://www.ebay.com.au/itm/185180081889,240v submersible water pump,185180081889
https://www.ebay.com.au/itm/185556494563,toolbox,185556494563
https://www.ebay.com.au/itm/185556494563,tool set,185556494563
https://www.ebay.com.au/itm/185284945958,fire blanket,185284945958
https://www.ebay.com.au/itm/185432982775,fire blanket,185432982775
https://www.ebay.com.au/itm/185431373096,fire blanket,185431373096
https://www.ebay.com.au/itm/185431324106,fire extinguisher,185431324106
https://www.ebay.com.au/itm/185431324106,4.5kg fire extinguisher,185431324106
https://www.ebay.com.au/itm/185432975797,fire extinguisher,185432975797
https://www.ebay.com.au/itm/185432975797,9kg fire extinguisher,185432975797
https://www.ebay.com.au/itm/185273082337,utility knife,185273082337
https://www.ebay.com.au/itm/185273082337,folding utility knife,185273082337
https://www.ebay.com.au/itm/185273082337,knife blades,185273082337
https://www.ebay.com.au/itm/185273082337,utility knife blades,185273082337
https://www.ebay.com.au/itm/185273082337,utility,185273082337
https://www.ebay.com.au/itm/185374333818,grinding discs,185374333818
https://www.ebay.com.au/itm/185374333818,cutting discs,185374333818
https://www.ebay.com.au/itm/185290548827,rivet nut tool,185290548827
https://www.ebay.com.au/itm/185290548827,rivnut kit,185290548827
https://www.ebay.com.au/itm/185290548827,nut riveter,185290548827
https://www.ebay.com.au/itm/185324376993,engraver,185324376993
https://www.ebay.com.au/itm/185324376993,etching tool,185324376993
https://www.ebay.com.au/itm/185324376993,engraving tool,185324376993
https://www.ebay.com.au/itm/185324376993,engraving pen,185324376993
https://www.ebay.com.au/itm/185324376993,plastic engraver,185324376993
https://www.ebay.com.au/itm/185324376993,metal engraver,185324376993
https://www.ebay.com.au/itm/185324376993,engraving,185324376993
https://www.ebay.com.au/itm/186890399319,large tool bag,186890399319
https://www.ebay.com.au/itm/186784286110,car air compressor,186784286110
https://www.ebay.com.au/itm/186784286110,cordless tyre inflator,186784286110
https://www.ebay.com.au/itm/186784286110,tire inflator,186784286110
https://www.ebay.com.au/itm/186704238905,multitool,186704238905
https://www.ebay.com.au/itm/186704238905,multi-function tool set,186704238905
https://www.ebay.com.au/itm/186704217410,chair cushion,186704217410
https://www.ebay.com.au/itm/186704217410,tailbone cushion,186704217410
https://www.ebay.com.au/itm/186704217410,seat cushion memory foam,186704217410
https://www.ebay.com.au/itm/186704217410,car seat cushion back support,186704217410
https://www.ebay.com.au/itm/186704217410,memory foam car seat cushion,186704217410
https://www.ebay.com.au/itm/186704217410,seat cushion,186704217410
https://www.ebay.com.au/itm/186557922091,dish rack,186557922091
https://www.ebay.com.au/itm/186557922091,kitchen dish drying rack,186557922091
https://www.ebay.com.au/itm/186557922091,dish drying rack over sink,186557922091
https://www.ebay.com.au/itm/186557922091,over sink dish drying rack,186557922091
https://www.ebay.com.au/itm/186441058466,smart digital scale,186441058466
https://www.ebay.com.au/itm/186441058466,body fat scale,186441058466
https://www.ebay.com.au/itm/186430602097,impact driver socket set,186430602097
https://www.ebay.com.au/itm/186430602097,1/2 socket adaptor,186430602097
https://www.ebay.com.au/itm/186430602097,impact driver bit set,186430602097
https://www.ebay.com.au/itm/186430602097,impact socket adapter,186430602097
https://www.ebay.com.au/itm/186430602097,1/4 inch socket set,186430602097
https://www.ebay.com.au/itm/186430602097,impact driver socket adapter,186430602097
https://www.ebay.com.au/itm/186400077011,electric impact wrench,186400077011
https://www.ebay.com.au/itm/186400077011,3/8 mini impact wrench battery,186400077011
https://www.ebay.com.au/itm/186400077011,12v impact wrench,186400077011
https://www.ebay.com.au/itm/186400077011,impact wrench with socket,186400077011
https://www.ebay.com.au/itm/185998613136,sds plus rotary hammer drill,185998613136
https://www.ebay.com.au/itm/185998613136,hammer sds plus drill rotary,185998613136
https://www.ebay.com.au/itm/185998613136,sds hammer chisel drill,185998613136
https://www.ebay.com.au/itm/185998613136,heavy duty hammer drill,185998613136
https://www.ebay.com.au/itm/185998613136,heavy duty sds drill,185998613136
https://www.ebay.com.au/itm/185998613136,electric sds hammer drill,185998613136
https://www.ebay.com.au/itm/185872310541,leaf mulcher,185872310541
https://www.ebay.com.au/itm/185872310541,leaf vacuum,185872310541
https://www.ebay.com.au/itm/185872310541,blower vac,185872310541
https://www.ebay.com.au/itm/185872310541,leaf blower,185872310541
https://www.ebay.com.au/itm/185872310541,blower vac cordless,185872310541
https://www.ebay.com.au/itm/185872310541,electric blower vac,185872310541
https://www.ebay.com.au/itm/185030409613,12volt water pump,185030409613
https://www.ebay.com.au/itm/185030409613,12 volt water pumps,185030409613
https://www.ebay.com.au/itm/185030409613,12v water pump self priming,185030409613
https://www.ebay.com.au/itm/185030409613,12v. water pump,185030409613
https://www.ebay.com.au/itm/185026721472,mini leaf blower,185026721472
https://www.ebay.com.au/itm/185725772967,hand held electric mixer,185725772967
https://www.ebay.com.au/itm/185725772967,electric mixer,185725772967
https://www.ebay.com.au/itm/185725772967,stick blender,185725772967
https://www.ebay.com.au/itm/185650769515,car tyre puncture repair kit,185650769515
https://www.ebay.com.au/itm/185650769515,car puncture repair kit,185650769515
https://www.ebay.com.au/itm/185650769515,tire repair kit,185650769515
https://www.ebay.com.au/itm/185650769515,tyre puncture repair kit,185650769515
https://www.ebay.com.au/itm/185030235159,umbrella cover,185030235159
https://www.ebay.com.au/itm/185030235159,outdoor umbrella covers,185030235159
https://www.ebay.com.au/itm/185180081889,water pump 240v,185180081889
https://www.ebay.com.au/itm/185180081889,submersible pump 240v,185180081889
https://www.ebay.com.au/itm/185180081889,submersable pump,185180081889
https://www.ebay.com.au/itm/185180081889,dirty water pump,185180081889
https://www.ebay.com.au/itm/185180081889,submersible pump,185180081889
https://www.ebay.com.au/itm/185556494563,hand tool set,185556494563
https://www.ebay.com.au/itm/185556494563,tool box set,185556494563
https://www.ebay.com.au/itm/185556494563,tool box,185556494563
https://www.ebay.com.au/itm/185556494563,tool box kit,185556494563
https://www.ebay.com.au/itm/185556494563,tool box with tools,185556494563
https://www.ebay.com.au/itm/185433273112,fire extinguisher,185433273112
https://www.ebay.com.au/itm/185433273112,small fire extinguisher,185433273112
https://www.ebay.com.au/itm/185433279682,fire extinguisher,185433279682
https://www.ebay.com.au/itm/185433279682,2.5kg fire extinguisher,185433279682
https://www.ebay.com.au/itm/185026736832,fire extinguisher,185026736832
https://www.ebay.com.au/itm/185026736832,car fire extinguisher,185026736832
https://www.ebay.com.au/itm/185026736832,fire extinguisher car,185026736832
https://www.ebay.com.au/itm/185374333818,cutting wheels,185374333818
https://www.ebay.com.au/itm/185290548827,nutsert kit,185290548827
https://www.ebay.com.au/itm/185290548827,nutsert tool,185290548827
https://www.ebay.com.au/itm/185290548827,rivet nut gun,185290548827
https://www.ebay.com.au/itm/185324376993,glass engraver,185324376993
https://www.ebay.com.au/itm/185324376993,engraver tool,185324376993
https://www.ebay.com.au/itm/185324376993,electric engraver,185324376993
https://www.ebay.com.au/itm/185324376993,electric engraving pen,185324376993
https://www.ebay.com.au/itm/185324376993,engraver pen,185324376993
https://www.ebay.com.au/itm/185324376993,metal engraving tool,185324376993
https://www.ebay.com.au/itm/185324376993,metal engraving,185324376993
https://www.ebay.com.au/itm/185030235159,cantilever umbrella cover,185030235159
https://www.ebay.com.au/itm/185030235159,market umbrella cover,185030235159
https://www.ebay.com.au/itm/185030235159,pool umbrella cover,185030235159
https://www.ebay.com.au/itm/185294655112,patio chair cover,185294655112
https://www.ebay.com.au/itm/185294655112,waterproof outdoor furniture cover,185294655112
https://www.ebay.com.au/itm/185294655112,outdoor furniture cover,185294655112
https://www.ebay.com.au/itm/185556494563,tool set kit,185556494563
https://www.ebay.com.au/itm/185556494563,tool set box,185556494563
https://www.ebay.com.au/itm/185556494563,tool kit,185556494563
https://www.ebay.com.au/itm/185285029575,fire extinguisher,185285029575
https://www.ebay.com.au/itm/185285029575,fire blanket,185285029575
https://www.ebay.com.au/itm/185285029575,car fire extinguisher,185285029575
https://www.ebay.com.au/itm/185285029575,fire extinguisher car,185285029575
https://www.ebay.com.au/itm/185051227954,fire blanket,185051227954
https://www.ebay.com.au/itm/185051227954,fire extinguisher,185051227954
https://www.ebay.com.au/itm/185051227954,first aid kit,185051227954
https://www.ebay.com.au/itm/185026756307,fire extinguisher,185026756307
