Page Number,Index,Title,ASIN,Type
P1,1,TOPEX 150W Electric Hot Knife Heavy Duty Foam Cutter w/ Blade & Case,125978171375,Sponsored
P1,2,Portable Cordless Foam Cutter Hot Wire Foam Cutter Pen Styrofoam Cutting Tool AU,266739817882,Sponsored
P1,3,TOPEX 3-in-1 Hot Wire Foam Cutter Styrofoam Cutting Tool Set,184929665402,Sponsored
P1,4,"TOPEX 4V 3-IN-1 Cordless Foam Cutter, Engraving Kit, Styrofoam Cutting Tool",127101450660,Sponsored
P1,5,TOPEX 3-in-1 Hot Wire Foam Cutter Styrofoam Polystyrene Cutting Tool Set,124097292698,Organic
P1,6,3in1 Hot Wire Foam Cutter Hot Knife Engraving Kit Styrofoam Polystyrene Cutting,255528073597,Organic
P1,7,Electric Foam Cutting Pen Hot Wire Styrofoam Craft Cutter Machine Tool + Adapter,204777724519,Organic
P1,8,Portable Cordless Foam Cutter Hot Wire Foam Cutter Pen Styrofoam Cutting Tool AU,196316423381,Organic
P1,9,TOPEX 3-in-1 Hot Wire Foam Cutter Styrofoam Cutting Tool Set,184929665402,Sponsored
P1,10,Portable Cordless Foam Cutter Hot Wire Foam Cutter Pen Styrofoam Cutting Tool AU,266739817882,Sponsored
P1,11,Electric Hot Wire Foam Cutter Table Wax Styrofoam Cutting Machine Hand Tool,223201614660,Sponsored
P1,12,Foam Cutting Pen Hot Wire Styrofoam Craft Cutter Machine Tool + Adapter AU,115969462154,Sponsored
P1,13,Electric Hot Wire Foam Cutter Electronic Styrofoam Table Cutting Machine Tool OZ,165274110262,Sponsored
P1,14,NEW LISTINGPortable Cordless Foam Cutter Hot Wire Foam Cutter Pen Styrofoam Cutting Tool AU,376289441786,Organic
P1,15,Electric Foam Cutter Polystyrene Styrofoam Hot Wire Foam Cutting Pen Tools,226702043321,Organic
P1,16,"TOPEX 4V Cordless Foam Cutter, 3-IN-1 Engraving Kit, Styrofoam Cutting Tool",187031698820,Organic
P1,17,Hot Wire Foam Cutter Kit 3 IN 1 Knife Engraving Styrofoam Polystyrene Cutting A,135560128500,Organic
P1,18,Hot Wire Foam Cutter Kit 3 IN 1 Knife Engraving Styrofoam Polystyrene Cutting,396663686349,Organic
P1,19,Electric Hot Wire Foam Cutter Table Wax Styrofoam Cutting Machine Hand Tool SAA,405636512770,Sponsored
P1,20,Electric Hot Wire Foam Cutter Table Wax Styrofoam Cutting Machine Hand Tool,223201614660,Sponsored
P1,21,Hot Wire Foam Cutter Kit 3 IN 1 Knife Engraving Styrofoam Polystyrene Cutting O,224663902083,Sponsored
P1,22,Hot Knife Foam Cutter Pro Styrofoam Cutting Tool Kit Electric Hot Knife,356961085403,Organic
P1,23,Electric Foam Cutter Polystyrene Styrofoam Hot Wire Foam Cutting Pen Tools,135151391013,Organic
P1,24,DOMINOX Foam Cutter Hot Wire Cutter Electric Tabletop Hot Wire Foam Cutter Worki,356982488862,Organic
P1,25,Electric Foam Cutter Polystyrene Styrofoam Hot Wire Foam Cutting Pen Tools,356892812149,Organic
P1,26,Electric Foam Cutter Tool Styrofoam Polystyrene Engraving Heat Hot Knife AU Plug,186189506980,Organic
P1,27,Professional Hot Knife Foam Cutting Hot Wire Styfoam Polystyrene Cutter Tool,295373416072,Organic
P1,28,Electric Hot Wire Styrofoam Cutter Foam Cutting Machine Table Tool Hand Work AU,355516649667,Organic
P1,29,Hot Wire Foam Cutter Kit 3 IN 1 Knife Engraving Styrofoam Polystyrene Cutting D,116621753355,Organic
P1,30,Electric Hot Wire Foam Cutter Table Wax Styrofoam Cutting Machine Hand Tool AU,384887833594,Organic
P1,31,Hot Wire Foam Cutter Kit 3 IN 1 Knife Engraving Styrofoam Polystyrene Cutting S,297351577519,Organic
P1,32,Hot Sale Foam Cutter 190x90mm Accessories Cutting DIY Craft Hand Tool Plastic,297330204358,Organic
P1,33,Hot Wire Foam Cutter Kit 3 IN 1 Knife Engraving Styrofoam Polystyrene Cutting U,267266179494,Organic
P1,34,Portable PVC Professional Foam Cutter Electric Foam Polystyrene Cutting Machine,375845168044,Sponsored
P1,35,Electric Hot Wire Foam Cutter Table Wax Styrofoam Cutting Machine Hand Tool,388069493055,Sponsored
P1,36,Electric Hot Wire Styrofoam Cutter Foam Cutting Machine Table Tool Hand Work ~,316510376058,Sponsored
P1,37,Electric Hot Wire Styrofoam Cutter Foam Cutting Machine Table Tool Hand Work .,316584187139,Sponsored
P1,38,NEW LISTINGFoam Cutter Pen Foam Board Cutter Fast Heating for Arts Handcraft (5cm),226782139875,Organic
P1,39,NEW LISTINGFoam Cutter Pen Foam Board Cutter Fast Heating for Arts Handcraft (5cm),226782139928,Organic
P1,40,Hot Wire Foam Cutter Kit 3-IN-1 Knife Engraving Styrofoam Polystyrene Cutting,123921473617,Organic
P1,41,Electric Hot Wire Foam Cutter Electronic Styrofoam Table Cutting Machine Tool OZ,165274110262,Organic
P1,42,NEW LISTINGFoam Cutter Pen Foam Board Cutter Fast Heating for Arts Handcraft (10cm),226782139882,Organic
P1,43,NEW LISTINGFoam Cutter Pen Foam Board Cutter Fast Heating for Arts Handcraft (10cm),226782139866,Organic
P1,44,Electric Foam Cutting Pen Hot Wire Styrofoam Craft Cutter Machine Tool + Adapter,364306289739,Sponsored
P1,45,Electric Foam Cutter Polystyrene Styrofoam Hot Wire Foam Cutting Pen Tools,205451806359,Sponsored
P1,46,NEW LISTINGPortable Cordless Hot Wire Foam Cutter Pen Styrofoam Cutting Tools Kit LED Light,146612938685,Organic
P1,47,Electric Hot Wire Foam Cutter Table Cutting Machine Wax Styrofoam Hand Tool AU,376045306483,Organic
P1,48,Portable Cordless Foam Cutter Hot Wire Foam Cutter with LED Light New AU,365599197355,Organic
P1,49,Foam Cutting Pen Hot Wire Styrofoam Craft Cutter Machine Tool + Adapter AU,115969462154,Organic
P1,50,"NEW LISTING240V Hot Wire Foam Cutter Board Styrofoam Cutting Machine w Working Table Stand,",167544819208,Organic
P1,51,Cordless Foam Hot Wire Foam Styrofoam Cutting Engraving Pen V5K7,396370025408,Organic
P1,52,3-in-1 Hot Wire Foam Cutter Hot Knife Engraving Kit Styrofoam Polystyrene Cuttin,405171762161,Organic
P1,53,Foam Cutter 70-250mm Electric Styrofoam Wire Pen Craft Cutting Hot Tools,404982227287,Organic
P1,54,Electric Hot Wire Styrofoam Cutter Foam Cutting Machine Table Tool Hand Work ~,356784580555,Organic
P1,55,Electric Foam Cutter Tool Styrofoam Polystyrene Engraving Heat Hot Knife AU Plug,356081740707,Organic
P1,56,Foam Cutter Pen Hot Wire Cutter Pen Fast Heating for Styrofoam Foam Cutting,356447659745,Organic
P1,57,Foam Cutter Pen 15W 110V-240V Electric Foam Polystyrene Cutting Machi BF *,304626694945,Organic
P1,58,Electric Hot Wire Foam Cutter Table Wax Styrofoam Cutting Machine Hand Tool DIY,127058746563,Organic
P1,59,Electric Foam Cutter Table Wax Styrofoam Cutting Hot Wire Machine Hand Tool AU,166245378249,Organic
P1,60,AU Electric Foam Cutting Tool Useful Foam Cutter Pen Lightweight for Arts Handcr,286435691806,Organic
P1,61,Electric Hot Wire Foam Cutter Table Wax Styrofoam Cutting Machine Hand Tool AU,405902180302,Organic
P1,62,Cordless Foam Hot Wire Foam Styrofoam Cutting Engraving Pen G7B3,376032018224,Organic
P1,63,Foam Cutter Pen 15W 110V-240V Electric Foam Polystyrene Cutting Machine,374426878735,Organic
P1,64,Hot Wire Foam Factory Industrial 4-Foot Foam Bow Cutter #050A,232868597178,Sponsored
P1,65,Electric Hot Wire Foam Cutter Styrofoam Polystyrene Cutting Machine Hand Tool AU,396615641022,Sponsored
P2,1,Hot Wire Foam Factory Hot Knife Foam Cutter (3-Inch Blade) #K11SB,331379438685,Sponsored
P2,2,Portable Cordless Foam Cutter Hot Wire Foam Cutter Pen Styrofoam Cutting Tools,356889410839,Sponsored
P2,3,Portable Cordless Hot Wire Foam Cutter Pen Styrofoam Cutting Tools Kit LED Light,306300294843,Sponsored
P2,4,Electric Foam Cutter Kit Foam Carving Cutting Pen Foam Crafts Sculpture Cutting,286594121644,Sponsored
P2,5,Electric Hot Wire Foam Cutter Table Wax Styrofoam Cutting Machine Hand Tool 220V,388232196807,Organic
P2,6,1Set Hot Wire Foam Cutter Small Electric Styrofoam Polystyrene Craft T D-b,306323686889,Organic
P2,7,Hot Knife Foam Cutter Pro Styrofoam Cutting Tool Kit Electric Hot Knife,396191898779,Organic
P2,8,240V Hot Wire Foam Cutter with Adjustable Temp & Round Cutting Aid (AU Plug),126852176528,Organic
P2,9,"Hot Wire Foam Cutter - Electric Tabletop Working Table Tool for Cutting Foam,",306274348800,Organic
P2,10,Electric Foam Cutter Polystyrene Styrofoam Hot Wire Foam Cutting Pen Tools,305577868810,Organic
P2,11,Hot Knife Foam Cutter Pro Styrofoam Cutting Tool Kit Electric Hot Knife,396634012177,Organic
P2,12,Electric Heat Hot Knife Styrofoam Foam Cutter Tool Polystyrene Engraving Home,144295710219,Organic
P2,13,NEW LISTINGHot Wire Foam Cutter Electric Tabletop Working Table Tool for Cutting FoamMo,388481260404,Organic
P2,14,Industrial Hot Knife Foam Cutter/Groove Kit #035I-KIT,232991201359,Sponsored
P2,15,Foam Cutter Set Controller Electric Cutting Machine Pen Kit Foam Cutting Knife,296433009713,Sponsored
P2,16,Hot Sale Foam Cutter Heating Wire DIY Craft Hand Tool Plastic Without Battery,205504127842,Sponsored
P2,17,Electric Foam Cutter Polystyrene Styrofoam Hot Wire Foam Cutting Pen Tools,146170583367,Organic
P2,18,DOMINOX AU Plug Foam Cutter Electric Styrofoam Hot Knife Kit Foam Board Cutter F,388457897592,Organic
P2,19,NEW LISTINGFoam Cutter Pen Foam Board Cutter Fast Heating for Arts Handcraft (5cm),146612294544,Organic
P2,20,NEW LISTINGFoam Cutter Pen Foam Board Cutter Fast Heating for Arts Handcraft (5cm),146612294634,Organic
P2,21,High Quality Foam Cutter Heating Wire DIY Craft Hand Tool 190x90mm Electric,306250228340,Organic
P2,22,NEW LISTINGFoam Cutter Pen Foam Board Cutter Fast Heating for Arts Handcraft (10cm),146612294556,Organic
P2,23,NEW LISTINGFoam Cutter Pen Foam Board Cutter Fast Heating for Arts Handcraft (10cm),146612294580,Organic
P2,24,Electric Hot Wire Styrofoam Cutter Foam Cutting Machine Table Tool Hand Work ~,146523678104,Organic
P2,25,Portable PVC Professional Foam Cutter Electric Foam Polystyrene Cutting Machine',167016575870,Organic
P2,26,240V Hot Wire Foam Cutter â€“ Adjustable Styrofoam Cutting Machine (AU Plug),126899767153,Organic
P2,27,Hot Knife Foam Cutter Quickly Heating Smoothly Cut Handle Foam Cutter Pen Foam C,335528479022,Organic
P2,28,NEW LISTINGHot Wire Foam Cutter - Electric Tabletop Working Table Tool for Cutting Foam,226780744494,Organic
P2,29,Hot Sale Foam Cutter 190x90mm Accessories DIY Craft Hand Tool Electric,297326677019,Sponsored
P2,30,Cordless Foam Cutter Hot Wire Foam Cutter Pen Styrofoam Cutting Tools Set New,146579228376,Sponsored
P2,31,Electric Foam Cutter Tool Styrofoam Polystyrene Engraving Heat Hot Knife US Plug,187195882652,Sponsored
P2,32,Electric Hot Wire Foam Cutter Table Wax Styrofoam Cutting Machine Hand Tool OZ,405511336473,Organic
P2,33,DOMINOX Foam Cutter Hot Wire Cutter Electric Tabletop Hot Wire Foam Cutter Worki,266997758702,Organic
P2,34,Hot Knife Foam Cutter Quickly Heating Cut Ergonomic Handle Foam Cutter Pen,286196566166,Organic
P2,35,Useful Foam Cutter Pen Foam Board Cutter Fast Heating for Styrofoam Foam Cutting,315764348333,Organic
P2,36,NEW LISTINGElectric Hot Wire Styrofoam Cutter Foam Cutting Machine Table Tool Hand Work.,365634334473,Organic
P2,37,Wire Foam Cutter Craft Styrofoam Model KT Board Foam Cutting DIY Handmade Tools,306128793246,Organic
P2,38,High Quality Foam Cutter Heating Wire DIY Craft Without Battery Electric Plastic,376222021150,Organic
P2,39,Hot Wire Foam Cutter Electric-S - Carving Cutting Tool With 5PCS Needle,375497260851,Sponsored
P2,40,Electric Hot Wire Foam Cutter Table Wax Styrofoam Cutting Machine Hand Tool New,316818889241,Sponsored
P2,41,Foam Cutter Pen Hot Wire Cutter Pen Lightweight Fast Heating for Arts Handcraft,296942202236,Organic
P2,42,Electric Hot Wire Styrofoam Cutter Foam Cutting Machine Table Tool Hand Work AU,316146016467,Organic
P2,43,Portable PVC Professional Foam Cutter Electric Foam Polystyrene Cutting Machin u,404388462807,Organic
P2,44,High Quality Foam Cutter Heating Wire DIY Craft Hand Tool 190x90mm Electric,167543549817,Organic
P2,45,Electric Hot Wire Foam Cutter Table Wax Styrofoam Cutting Machine Hand Tool Kit,205335871764,Organic
P2,46,Foam Cutter Electric Polystyrene Cutting Machine Pen Kit Tool Engraver (3) AU,256793317425,Organic
P2,47,Electric Foam Cutting Machine DIY Craft Cutting Tools Hot Foam Cutter Machine,365156110340,Organic
P2,48,Hot Knife Foam Cutter Pro Styrofoam Cutting Tool Kit Electric Hot Knife,376236786971,Organic
P2,49,LAPOOH Portable Cordless Foam Cutter Hot Wire Foam Cutter Pen Styrofoam Cutti...,156915869532,Organic
P2,50,Electric Hot Wire Styrofoam Cutter Foam Cutting Machine Table Tool Hand Work .,146607820072,Organic
P2,51,Electric Foam Cutter Tool Styrofoam Polystyrene Engraving Heat Hot Knife AU Plug,235836939764,Organic
P2,52,Electric Hot Wire Styrofoam Cutter Foam Cutting Machine Table Tool Hand Work .,356977822544,Organic
P2,53,Foam Cutter Pen Foam Board Cutter Fast Heating for Arts Handcraft (10cm) AU,376146871108,Organic
P2,54,Foam Cutting Pen Hot Wire Styrofoam Craft Cutter Machine Tool + Adapter AU,145232080709,Organic
P2,55,Hot Wire Foam Cutter Kit 3 IN 1 Knife Engraving Styrofoam Polystyrene Cutting L,197364145317,Organic
P2,56,Hot Wire Foam Cutter Kit 3 IN 1 Knife Engraving Styrofoam Polystyrene Cutting I,205516064623,Organic
P2,57,Hot Wire Foam Cutter Kit 3 IN 1 Knife Engraving Styrofoam Polystyrene Cutting O,226780230568,Organic
P2,58,Hot Wire Foam Cutter Kit 3 IN 1 Knife Engraving Styrofoam Polystyrene Cutting J,267266179601,Organic
P2,59,Portable PVC Professional Foam Cutter Electric Foam Polystyrene Cutting Machine,315362820325,Sponsored
P2,60,Foam Cutter Electric-Styrofoam Carving Cutting Hot Wire Tool Kit & 5PCS Needle,375504003570,Sponsored
P3,1,PVC Professional Foam Cutter Electric Foam Polystyrene Cutting Machine Porta`hg,165982947152,Sponsored
P3,2,DIY Craft Foam Cutter with Adjustable Cutting Depth Suitable for All Crafts,396166793657,Sponsored
P3,3,Foam Cutting Pen Hot Wire Styrofoam Craft Cutter Machine Tool + Adapter AU,116614805952,Sponsored
P3,4,1 pcs Cutting Pen Foam Cutter Pen Handiness Foam KT Board Wax Cutting Machine,296435541808,Sponsored
P3,5,Hot Wire Foam Cutter Kit 3 IN 1 Knife Engraving Styrofoam Polystyrene Cutting J,267266179601,Organic
P3,6,Hot Wire Styrofoam Craft Cutter Machine Tool Foam Cutting Pen + Adapter AU,326086359751,Organic
P3,7,240V Electric Table Foam Cutter Wax Styrofoam Cutting Hot Wire Machine Hand Tool,386942170149,Organic
P3,8,1Set Hot Wire Foam Cutter Small Electric Styrofoam Polystyrene Craft T D-b _ou,286602764437,Organic
P3,9,Electric Hot Wire Foam Cutter Table Wax Styrofoam Cutting Machine Hand Tool,405808180736,Organic
P3,10,"240V Hot Wire Foam Cutter Machine w Adjustable Temp,Round-Cutting Aid,DIY Tool",126880238081,Organic
P3,11,Hot Foam Cutter Pro Styrofoam Cutting Tool Kit Electric Hot,405467006245,Organic
P3,12,Hot Knife Foam Cutter Pro Styrofoam Cutting Tool Kit Electric Hot Knife,387816586142,Organic
P3,13,AU Foam Cutter Pen Foam Board Cutter Fast Heating for Arts Handcraft (15cm),316123540596,Organic
P3,14,Electric Foam Cutter Tool Styrofoam Polystyrene Engraving Heat Hot Knife US Plug,177108940685,Sponsored
P3,15,"Foam Cutter Pro Electric Hot Knife, 200W Styrofoam Cutting Tool Kit",355027123246,Sponsored
P3,16,Hot Sale Foam Cutter Heating Wire 190x90mm Accessories Cutting DIY Craft,396646438019,Sponsored
P3,17,Portable Cordless Foam Hot Wire Foam Pen Styrofoam Cutting O5M0,387473295567,Organic
P3,18,Hot Knife Foam Cutter Pro Styrofoam Cutting Tool Kit Electric Hot Knife,388418777345,Organic
P3,19,DOMINOX Foam Cutter Hot Wire Cutter Electric Tabletop Hot Wire Foam Cutter Worki,276842813340,Organic
P3,20,1Set Hot Wire Foam Cutter Small Electric Styrofoam Polystyrene Craft T D-b,187238244082,Organic
P3,21,24W 20cm Electric Hot Wire Cutter Foam Polystyrene Heat Cutting Engraving Pen US,405804808196,Organic
P3,22,Electric Foam Cutter Polystyrene Styrofoam Hot Wire Foam Cutting Pen Tools,388100306965,Organic
P3,23,AU Foam Cutter Pen Foam Board Cutter Fast Heating for Arts Handcraft (15cm),316123544267,Organic
P3,24,DOMINOX Foam Cutter Hot Wire Cutter Electric Tabletop Hot Wire Foam Cutter Worki,395535216774,Organic
P3,25,Hot Knife Foam Cutter Pro Styrofoam Cutting Tool Kit Electric Hot Knife,156625789538,Organic
P3,26,Cordless Foam Pen Hot Wire Foam Styrofoam Cutting Tools Kit W4U0,405281140833,Organic
P3,27,"HORUSDY 3-In-1 Hot Wire Foam Cutter, Hot Knife Engraving Kit Styrofoam Polystyre",156589680258,Organic
P3,28,COHEALI Foam Cutting Pen Foam Cutter for DIY Convenient Heating Pen Convenien...,126907717471,Organic
P3,29,High Quality Foam Cutter DIY Craft Hand Tool Without Battery 190x90mm Electric,376138940910,Sponsored
P3,30,Foam Cutter Heating Wire 190x90mm Accessories Cutting DIY Craft Hand Tool,316837544105,Sponsored
P3,31,25-5cm Foam Cutter Pen Hot Wire Cutter Pen US/EU/UK Plug Heat Cutting Engraving,326482657634,Sponsored
P3,32,Hot Wire Foam Cutter Cutting Tool Polystyrene Foam Styrofoam Engraving Tips Kit,304382244267,Sponsored
P3,33,NEW LISTINGPortable Cordless Foam Cutter Hot Wire Foam Cutter Pen Styrofoam Cutting Tools K,388481273341,Organic
P3,34,Hot Sale Foam Cutter Heating Wire 190x90mm Accessories Cutting Hand Tool,405860637350,Organic
P3,35,9pcs/set Styro Foam Cutting Pen 3 in 1 18W Electric Cutter for Carving Art Model,205217870306,Organic
P3,36,AU 240V Hot Wire Foam Cutter with Adjustable Temp & Round Cutting Aid (AU Plug),127080169146,Organic
P3,37,Hot Wire Styrofoam Craft Cutter Machine Tool Foam Cutting Pen + Adapter AU,335020247354,Organic
P3,38,Foam Cutter Pen Hot Wire Cutter Pen Fast Heating for Styrofoam Foam Cutting,356486299687,Organic
P3,39,Foam Cutter Tool Kit Quick Heating Hot Knife Cutter Pen Hot Foam Board Block,356422056856,Sponsored
P3,40,High Quality Foam Cutter Without Battery 190x90mm Accessories DIY Craft,376147642805,Sponsored
P3,41,3 In 1 Hot Wire Foam Cutter Adjustable Temp Electric Styrofoam Cutting Spare,236113480106,Organic
P3,42,Foam Cutter Heating Wire 190x90mm Accessories Cutting DIY Craft Hand Tool,187222726593,Organic
P3,43,Electric Hot Wire Styrofoam Cutter Foam Cutting Machine Table Tool Hand Work AU,145952915293,Organic
P3,44,3 In 1 Hot Wire Foam Cutter Adjustable Temp Electric Styrofoam Cutting Hot,356938406036,Organic
P3,45,Hot Knife Foam Cutter Pro Styrofoam Cutting Tool Kit Electric Hot Knife,127126578273,Organic
P3,46,PVC Professional Foam Cutter Electric Foam Polystyrene Cutting Machine Porta-*-,234657204733,Organic
P3,47,Portable Foam Cutter Pen Electric Styrofoam Cutting Machine Thermal Foam Cutter,236080596549,Organic
P3,48,30W 25cm Electric Hot Wire Cutter Foam Polystyrene Heat Cutting Engraving Pen EU,235678648532,Organic
P3,49,Electric Hot Wire Styrofoam Cutter Foam Cutting Machine Table Tool Hand Work,195215551585,Organic
P3,50,Electric Hot Wire Wax Foam Cutter Machine Hand Held Cutting Pen Tool,286521387417,Organic
P3,51,24W 20cm Electric Hot Wire Cutter Foam Polystyrene Heat Cutting Engraving Pen US,176432025423,Organic
P3,52,240V Hot Wire Foam Cutter Board Styrofoam Cutting Machine w Working Table Stand,167468292301,Organic
P3,53,High Quality Foam Cutter Heating Wire DIY Craft Hand Tool 190x90mm Electric,376214970435,Organic
P3,54,High Quality Foam Cutter Heating Wire DIY Craft Hand Tool 190x90mm Electric,376226050053,Organic
P3,55,Electric Hot Wire Styrofoam Cutter Foam Cutting Machine Table Tool Hand Work,356579778195,Organic
P3,56,.Foam Cutter Electric Polystyrene Cutting Machine Pen Kit Tool Hand Held,306315861468,Organic
P3,57,Foam Cutter 36W 50Hz Anti Scald Handle Temp Control Hot Wire Cutter For Carving,335612214094,Organic
P3,58,High Quality Foam Cutter Heating Wire DIY Craft Hand Tool 190x90mm Electric,356867357314,Organic
P3,59,Hot Wire Foam Electric Hand Tool Table Wax Styrofoam Cutter Cutting Machine New,316196872223,Sponsored
P3,60,Foam Cutter Multifunctional Engraving Pen 5 Seconds Heating-Up with LED Light,396603793129,Sponsored
